Workbook
Name description_103: [1]Abstract!$B$16
Name description_124: #REF!
Name description_247: [1]Abstract!$B$22
Name description_248: [1]Abstract!$B$23
Name description_261: [2]Abstract!$B$33
Name description_262: [1]Abstract!$B$34
Name description_276: [3]Abstract!$B$40
Name description_3: [1]Abstract!$B$169
Name description_310: #REF!
Name description_312: #REF!
Name description_5: [1]Abstract!$B$171
Name description_6: #REF!
Name description_759: [1]Abstract!$B$278
Name description_781: #REF!
Name description_783: [1]Abstract!$B$301
Name description_784: [3]Abstract!$B$300

Sheet chihaan
A1: Government of Nepal
A2: Shankharapur Municipality Office
A3: Bagmati Province
A4: Sankhu, Kathmandu
A5: Detail Estimated Sheet
A6: Project:- ef]tfª\u] lrxfgkfl6 | H6: F.Y.: 2082/2083
A7: Location:- Shankharapur Municipality 1 | H7: Date:
A8: S.N. | B8: Description of work | C8: No. | D8: Length | E8: Breadth | F8: Height | G8: Quantity | H8: Unit | I8: Rate | J8: Amount | K8: Remark
A9: 1 | B9: g/d k|sf/sf] Sn] / l;N6L df6f]df ;j} lsl;dsf] vGg] sfd
B10: -for foundation | C10: 4 | D10: =Sheet1!B4 -> 1.5 | E10: =Sheet1!C4 -> 1.5 | F10: =Sheet1!D4 -> 1.5 | G10: =PRODUCT(C10:F10) -> 13.5
B11: -for toe wall | C11: 4 | D11: =Sheet1!K4 -> 1.7781164 | E11: 0.23 | F11: 0.5 | G11: =PRODUCT(C11:F11) -> 0.81793356
B12: Sub-total | G12: =SUM(G10:G11) -> 14.317934 | H12: cum | I12: 674.12 | J12: =G12*I12 -> 9652.0054
A14: 2 | B14: ;'Vvf O{6f RofK6f] 5fKg] sfd
B15: =B10 -> -for foundation | C15: =C10 -> 4 | D15: =Sheet1!B4 -> 1.5 | E15: =Sheet1!C4 -> 1.5 | G15: =PRODUCT(C15:F15) -> 9
B16: =B11 -> -for toe wall | C16: =C11 -> 4 | D16: =Sheet1!K4 -> 1.7781164 | E16: =E11 -> 0.23 | G16: =PRODUCT(C16:F16) -> 1.6358671
B17: -for flooring | C17: 1 | D17: =Sheet1!R4 -> 2.9574215 | E17: =D17 -> 2.9574215 | G17: =PRODUCT(C17:F17) -> 8.746342
B18: -deduction for placement of God | C18: -1 | D18: =D17 -> 2.9574215 | E18: =6/3.281 -> 1.8287108 | G18: =PRODUCT(C18:F18) -> -5.4082685
B19: Sub-total | G19: =SUM(G15:G18) -> 13.973941 | H19: sqm | I19: 1017.47 | J19: =G19*I19 -> 14218.065
B20: -13% VAT for brick | J20: =0.13*G19*6360.9/10 -> 1155.5289
B21: -13% VAT for sand | J21: =0.13*G19*2256.3/10 -> 409.88223
A23: 3 | B23: hu leQf kvf{ndf l;d]G6 s+lqm6 ug]{ sfd-lk=;L=;L= +!M#M^_
B24: =B15 -> -for foundation | C24: =C15 -> 4 | D24: =Sheet1!B4 -> 1.5 | E24: =Sheet1!C4 -> 1.5 | F24: 0.075 | G24: =PRODUCT(C24:F24) -> 0.675
B25: =B16 -> -for toe wall | C25: =C16 -> 4 | D25: =Sheet1!K4 -> 1.7781164 | E25: =E16 -> 0.23 | F25: 0.075 | G25: =PRODUCT(C25:F25) -> 0.12269003
B26: Sub-total | G26: =SUM(G24:G25) -> 0.79769003 | H26: cum | I26: 11620.77 | J26: =G26*I26 -> 9269.7724
B27: -13% VAT for cement | J27: =0.13*G26*2866.82 -> 297.28839
B28: -13% VAT for aggregate | J28: =0.13*G26*(2065.63+805.06) -> 297.6897
B29: -13% VAT for sand | J29: =0.13*G26*1350.6 -> 140.05682
B30: -13% VAT for water | J30: =0.13*G26*28 -> 2.9035917
B31: -13% VAT for diesel | J31: =0.13*G26*392.92 -> 40.745688
B32: -13% VAT for petrol | J32: =0.13*G26*14.15 -> 1.4673508
A34: 4 | B34: d]lzgsf] k|of]u u/L hu leQf kvf{ndf l;d]G6 s+lqm6 ug]{ sfd -!M@M$_
B35: =B17 -> -for flooring | C35: =C17 -> 1 | D35: =D17 -> 2.9574215 | E35: =E17 -> 2.9574215 | F35: 0.075 | G35: =PRODUCT(C35:F35) -> 0.65597565
B36: =B18 -> -deduction for placement of God | C36: =C18 -> -1 | D36: =D18 -> 2.9574215 | E36: =E18 -> 1.8287108 | F36: 0.075 | G36: =PRODUCT(C36:F36) -> -0.40562014
B37: Sub-total | G37: =SUM(G35:G36) -> 0.25035551 | H37: cum | I37: 12884.61 | J37: =G37*I37 -> 3225.7331
B38: -13% VAT for cement | J38: =0.13*G37*4169.92 -> 135.71512
B39: -13% VAT for aggregate | J39: =0.13*G37*(1652.5+1106.96) -> 89.809983
B40: -13% VAT for sand | J40: =0.13*G37*1414.16 -> 46.025558
B41: -13% VAT for water | J41: =0.13*G37*36.4 -> 1.1846823
B42: -13% VAT for water | J42: =0.13*G37*392.92 -> 12.788059
B43: -13% VAT for water | J43: =0.13*G37*14.15 -> 0.46052896
A45: 5 | B45: d]lzgsf] k|of]u u/L ;'k/ :6«Sr/df l;d]G6 s+lqm6 ug]{ sfd -!M!=%M#_
B46: =B24 -> -for foundation | C46: 4 | D46: =Sheet1!B4 -> 1.5 | E46: =Sheet1!C4 -> 1.5 | F46: =Sheet1!G4 -> 0.35 | G46: =PRODUCT(C46:F46) -> 3.15
B47: -for neck column | C47: 4 | D47: =Sheet1!O4 -> 0.35 | E47: =Sheet1!O4 -> 0.35 | F47: =Sheet1!P4 -> 1.37 | G47: =PRODUCT(C47:F47) -> 0.6713
B48: -for tie beam | C48: =C25 -> 4 | D48: =Sheet1!R4 -> 2.9574215 | E48: =Sheet1!S4 -> 0.23 | F48: =Sheet1!T4 -> 0.23 | G48: =PRODUCT(C48:F48) -> 0.62579039
B49: -GF column | C49: 4 | D49: =Sheet1!O4 -> 0.35 | E49: =Sheet1!O4 -> 0.35 | F49: =Sheet1!Q4 -> 2.7156355 | G49: =PRODUCT(C49:F49) -> 1.3306614
B50: -for beam | C50: 4 | D50: =Sheet1!U4 -> 4.1574215 | E50: =E48 -> 0.23 | F50: 0.23 | G50: =PRODUCT(C50:F50) -> 0.87971039
B51: -for slab | C51: 1 | D51: =Sheet1!H4 -> 3.6574215 | E51: =Sheet1!I4 -> 3.6574215 | F51: 0.125 | G51: =PRODUCT(C51:F51) -> 1.6720915
B52: -for cantilever | C52: 2 | D52: =Sheet1!H4 -> 3.6574215 | E52: 0.6 | F52: 0.125 | G52: =PRODUCT(C52:F52) -> 0.54861323
C53: 2 | D53: =(Sheet1!H4+E52*2) -> 4.8574215 | E53: 0.6 | F53: 0.125 | G53: =PRODUCT(C53:F53) -> 0.72861323
B54: -for inclined slab | C54: 4 | D54: =7.75/3.281 -> 2.3620847 | E54: =7.333/3.281 -> 2.2349893 | F54: 0.075 | G54: =PRODUCT(C54:F54) -> 1.5837703
B55: Sub-total | G55: =SUM(G46:G54) -> 11.19055 | H55: cum | I55: 13957.29 | J55: =G55*I55 -> 156189.76
B56: -13% VAT for cement | J56: =0.13*G55*5212.4 -> 7582.8512
B57: -13% VAT for aggregate | J57: =0.13*G55*(1912.03+921.59) -> 4122.2698
B58: -13% VAT for sand | J58: =0.13*G55*1350.6 -> 1964.8145
B59: -13% VAT for water | J59: =0.13*G55*56 -> 81.467207
B60: -13% VAT for diesel | J60: =0.13*G55*392.92 -> 571.60884
B61: -13% VAT for petrol | J61: =0.13*G55*14.15 -> 20.585017
A63: 6 | B63: kmnfd]sf] kfOk / KnfOaf]8{af6 kmdf{ agfpg] sfd
B64: =B47 -> -for neck column | C64: =C47 -> 4 | D64: =D47 -> 0.35 | F64: =Sheet1!P4 -> 1.37 | G64: =PRODUCT(C64:F64) -> 1.918
B65: =B48 -> -for tie beam | C65: =C48 -> 4 | D65: =Sheet1!R4 -> 2.9574215 | F65: =Sheet1!T4*2 -> 0.46 | G65: =PRODUCT(C65:F65) -> 5.4416556
B66: =B49 -> -GF column | C66: =C49 -> 4 | D66: =0.35*4 -> 1.4 | F66: =Sheet1!Q4 -> 2.7156355 | G66: =PRODUCT(C66:F66) -> 15.207559
B67: =B50 -> -for beam | C67: =C50 -> 4 | D67: =D50 -> 4.1574215 | F67: =0.23*2 -> 0.46 | G67: =PRODUCT(C67:F67) -> 7.6496556
B68: =B51 -> -for slab | C68: =C51 -> 1 | D68: =D51 -> 3.6574215 | E68: =E51 -> 3.6574215 | G68: =PRODUCT(C68:F68) -> 13.376732
B69: =B54 -> -for inclined slab | C69: =C54 -> 4 | D69: =D54 -> 2.3620847 | E69: =E54 -> 2.2349893 | G69: =PRODUCT(C69:F69) -> 21.116937
B70: =B52 -> -for cantilever | C70: =C52 -> 2 | D70: =D52 -> 3.6574215 | E70: =E52 -> 0.6 | G70: =PRODUCT(C70:F70) -> 4.3889058
C71: =C53 -> 2 | D71: =D53 -> 4.8574215 | E71: =E53 -> 0.6 | G71: =PRODUCT(C71:F71) -> 5.8289058
B72: Sub-total | G72: =SUM(G64:G71) -> 74.92835 | H72: sqm | I72: 922.71 | J72: =G72*I72 -> 69137.138
B73: -13% VAT for plyboard | J73: =0.13*G72*20062.02/100 -> 1954.1783
B74: -13% VAT for wood | J74: =0.13*G72*13328.25/100 -> 1298.2629
B75: -13% VAT for iron props | J75: =0.13*G72*10137.6/100 -> 987.47174
B76: -13% VAT for nails | J76: =0.13*G72*3300/100 -> 321.44262
A78: 7 | B78: cf/=;L=;L= nflu kmnfd] 808L sf6\g], df]8\g] #) dL6/ ;Dd | C78: No. | D78: Length (m) | E78: Unit Weight (Kg/m) | F78: Total Weight (Kg)
B79: =B46 -> -for foundation | C79: =TRUNC((E46-0.1)/0.15,0)+1 -> 10 | D79: =1.5 -> 1.5 | E79: =12*12/162 -> 0.88888889 | F79: =PRODUCT(C79:E79) -> 13.333333 | G79: =F79/1000 -> 0.013333333
C80: =TRUNC((D46-0.1)/0.15,0)+1 -> 10 | D80: 1.5 | E80: =12*12/162 -> 0.88888889 | F80: =PRODUCT(C80:E80) -> 13.333333 | G80: =F80/1000 -> 0.013333333
B81: -for neck column to 1st floor | C81: =4*4 -> 16 | D81: =(9.33+1.5+5-0.17*2)/3.281+0.3+0.45 -> 5.4711216 | E81: =12*12/162 -> 0.88888889 | F81: =PRODUCT(C81:E81) -> 77.811507 | G81: =F81/1000 -> 0.077811507
C82: =4*4 -> 16 | D82: =(9.333+1.5+5-0.17*2)/3.281+0.3+0.45 -> 5.472036 | E82: =16*16/162 -> 1.5802469 | F82: =PRODUCT(C82:E82) -> 138.35469 | G82: =F82/1000 -> 0.13835469
B83: -for binding stirrups | C83: =4*(TRUNC((D82-0.45-0.45-0.35-0.23)/0.15,0)+1) -> 108 | D83: =0.917*4/3.281 -> 1.1179518 | E83: =8*8/162 -> 0.39506173 | F83: =PRODUCT(C83:E83) -> 47.699279 | G83: =F83/1000 -> 0.047699279
C84: =4*(TRUNC((D82-0.45-0.45-0.35-0.23)/0.15,0)+1) -> 108 | D84: =0.213*4+0.05*2 -> 0.952 | E84: =8*8/162 -> 0.39506173 | F84: =PRODUCT(C84:E84) -> 40.618667 | G84: =F84/1000 -> 0.040618667
B85: =B65 -> -for tie beam | C85: =4*6 -> 24 | D85: =(12+0.75*2-0.17*2)/3.281 -> 4.0109723 | E85: =12*12/162 -> 0.88888889 | F85: =PRODUCT(C85:E85) -> 85.567408 | G85: =F85/1000 -> 0.085567408
B86: .-for stirrups | C86: =4*(TRUNC((D65-0.1)/0.15,0)+1) -> 80 | D86: =(0.583*4+0.17*2)/3.281 -> 0.81438586 | E86: =8*8/162 -> 0.39506173 | F86: =PRODUCT(C86:E86) -> 25.738615 | G86: =F86/1000 -> 0.025738615
B87: =B67 -> -for beam | C87: =4*6 -> 24 | D87: =Sheet1!H4+((0.75*2-0.17*2)/3.281) -> 4.0109723 | E87: =12*12/162 -> 0.88888889 | F87: =PRODUCT(C87:E87) -> 85.567408 | G87: =F87/1000 -> 0.085567408
B88: .-for stirrups | C88: =4*(TRUNC((D67-0.1)/0.15,0)+1) -> 112 | D88: =(0.583*4+0.17*2)/3.281 -> 0.81438586 | E88: =8*8/162 -> 0.39506173 | F88: =PRODUCT(C88:E88) -> 36.034061 | G88: =F88/1000 -> 0.036034061
B89: =B68 -> -for slab | C89: =2*2*(TRUNC((Sheet1!H4+0.6*2-0.23*2-0.1)/0.15,0)+1) -> 116 | D89: =Sheet1!H4+0.6*2 -> 4.8574215 | E89: =8*8/162 -> 0.39506173 | F89: =PRODUCT(C89:E89) -> 222.60184 | G89: =F89/1000 -> 0.22260184
B90: =B69 -> -for inclined slab | C90: =4*(TRUNC(((D91-0.1)/0.15),0)+1) -> 60 | D90: =D69 -> 2.3620847 | E90: =10*10/162 -> 0.61728395 | F90: =PRODUCT(C90:E90) -> 87.48462 | G90: =F90/1000 -> 0.08748462
C91: =4*(TRUNC(((D90-0.1)/0.15),0)+1) -> 64 | D91: =E69 -> 2.2349893 | E91: =10*10/162 -> 0.61728395 | F91: =PRODUCT(C91:E91) -> 88.295875 | G91: =F91/1000 -> 0.088295875
B92: Sub-total | G92: =SUM(G79:G91) -> 0.96244063 | H92: MT | I92: 132360 | J92: =G92*I92 -> 127388.64
B93: -13% VAT for TMT rod | J93: =0.13*G92*105000 -> 13137.315
B94: -13% VAT for binding wire | J94: =0.13*G92*1200 -> 150.14074
A96: 8 | B96: !@=% dL=dL= l;d]G6 afn'jf -!M$_ Knfi6/
B97: -at wall | C97: =2*2 -> 4 | D97: =Sheet1!H4-0.23 -> 3.4274215 | F97: =Sheet1!Q4-Sheet1!W4 -> 2.3656355 | G97: =PRODUCT(C97:F97) -> 32.43212
B98: -roof | C98: 4 | D98: =D69 -> 2.3620847 | E98: =D98 -> 2.3620847 | G98: =PRODUCT(C98:F98) -> 22.317777
B99: Sub-total | G99: =SUM(G97:G98) -> 54.749897 | H99: sqm | I99: 415.5 | J99: =G99*I99 -> 22748.582
B100: -13% VAT for cement | J100: =0.13*G99*7010.67/100 -> 498.9835
B101: -13% VAT for sand | J101: =0.13*G99*4639.73/100 -> 330.23216
A103: 9 | B103: e'O{+tNnfdf lrDgL e§fsf] O{+6fsf] uf/f] l;d]G6 d;nf -!M^_ df
B104: =B48 -> -for tie beam | C104: =C48 -> 4 | D104: =Sheet1!M4*2 -> 1.1661079 | E104: 0.23 | F104: 1.2 | G104: =PRODUCT(C104:F104) -> 1.2873831
C105: 4 | D105: =7.833/3.281 -> 2.3873819 | E105: 0.23 | F105: =0.6-0.075-0.055 -> 0.47 | G105: =PRODUCT(C105:F105) -> 1.0323039
B106: Sub-total | G106: =SUM(G104:G105) -> 2.319687 | H106: cum | I106: =14491.84 -> 14491.84 | J106: =G106*I106 -> 33616.534
B107: -13% VAT for brick | J107: =0.13*G106*8481.2 -> 2557.5849
B108: -13% VAT for cement | J108: =0.13*G106*912.17 -> 275.07336
...

Sheet Sheet1
B2: Foundation size | E2: Footing size | H2: Plinth size | K2: Toe wall | O2: Column size | R2: Tie beam size | U2: Main beam size
B3: Length | C3: Breadth | D3: Depth from GL | E3: Length in PL area | F3: Breadth in PL area | G3: Depth | H3: Length | I3: Breadth | J3: Depth from GL | K3: Length L1 | L3: Ht. H1 | M3: Length L2 | N3: Ht. H2 | O3: Length/B | P3: Ht. upto plinth | Q3: Ht. above PL upto ceiling | R3: Length | S3: Width | T3: Height | U3: Length | V3: Width | W3: Height
B4: 1.5 | C4: 1.5 | D4: 1.5 | E4: =3.083/3.281 -> 0.93965254 | F4: =3.083/3.281 -> 0.93965254 | G4: 0.35 | H4: =12/3.281 -> 3.6574215 | I4: =12/3.281 -> 3.6574215 | J4: 0.45 | K4: =H4-E4*2 -> 1.7781164 | L4: =0.5-0.055-0.075+J4 -> 0.82 | M4: =E4-1.17/3.281 -> 0.58305395 | N4: =D4-G4+J4 -> 1.6 | O4: 0.35 | P4: =D4-G4+J4-T4 -> 1.37 | Q4: =(9.33-0.42)/3.281 -> 2.7156355 | R4: =H4-O4*2 -> 2.9574215 | S4: 0.23 | T4: 0.23 | U4: =R4+0.6*2 -> 4.1574215 | V4: 0.23 | W4: 0.35
M6: =1.917/3.281 -> 0.58427309
