Workbook
Name description_103: [1]Abstract!$B$16
Name description_124: #REF!
Name description_124: #REF!
Name description_124: #REF!
Name description_124: #REF!
Name description_124: #REF!
Name description_124: #REF!
Name description_124: #REF!
Name description_247: [1]Abstract!$B$22
Name description_248: [1]Abstract!$B$23
Name description_261: [2]Abstract!$B$33
Name description_262: [1]Abstract!$B$34
Name description_276: [3]Abstract!$B$40
Name description_3: [1]Abstract!$B$169
Name description_310: #REF!
Name description_310: #REF!
Name description_310: #REF!
Name description_310: #REF!
Name description_310: #REF!
Name description_310: [4]Abstract!$B$60
Name description_310: #REF!
Name description_312: #REF!
Name description_312: #REF!
Name description_312: #REF!
Name description_312: #REF!
Name description_312: #REF!
Name description_312: [5]Abstract!$B$61
Name description_312: #REF!
Name description_5: [1]Abstract!$B$171
Name description_6: #REF!
Name description_6: #REF!
Name description_6: #REF!
Name description_6: #REF!
Name description_6: #REF!
Name description_6: [4]Abstract!$B$172
Name description_6: #REF!
Name description_759: [1]Abstract!$B$278
Name description_781: #REF!
Name description_781: #REF!
Name description_781: #REF!
Name description_781: #REF!
Name description_781: #REF!
Name description_781: [6]Abstract!$B$299
Name description_781: #REF!
Name description_783: [1]Abstract!$B$301
Name description_784: [3]Abstract!$B$300

Sheet initial 2 storey
A1: Government of Nepal
A2: Shankharapur Municipality Office
A3: Bagmati Province
A4: Sankhu, Kathmandu
A5: Detail Estimated Sheet
A6: Project:- k~rkfn] led;]g dlGb/ cw'/f] | H6: F.Y.: 2082/2083
A7: Location:- Shankharapur Municipality 1 | H7: Date:
A8: S.N. | B8: Description of work | C8: No. | D8: Length | E8: Breadth | F8: Height | G8: Quantity | H8: Unit | I8: Rate | J8: Amount | K8: Remark | M8: Water tap size
A9: 1 | B9: g/d k|sf/sf] Sn] / l;N6L df6f]df ;j} lsl;dsf] vGg] sfd | M9: length | N9: Breadth | O9: thickness | P9: Height 1 | Q9: Height 2 | R9: Width of stand tap
B10: -for stand tap | C10: 1 | D10: =5.5/3.281 -> 1.6763182 | E10: =5.5/3.281 -> 1.6763182 | F10: 0.15 | G10: =PRODUCT(C10:F10) -> 0.4215064 | M10: =5.5/3.281 -> 1.6763182 | N10: =5.5/3.281 -> 1.6763182 | O10: 0.23 | P10: =TRUNC(2/3.281,1) -> 0.6 | Q10: =TRUNC(4/3.281,1) -> 1.2 | R10: =1.17/3.281 -> 0.3565986
B11: Sub-total | G11: =SUM(G10) -> 0.4215064 | H11: cum | I11: 674.12 | J11: =G11*I11 -> 284.1459
A13: 2 | B13: ;'Vvf O{6f RofK6f] 5fKg] sfd
B14: =B10 -> -for stand tap | C14: =C10 -> 1 | D14: =D10 -> 1.6763182 | E14: =E10 -> 1.6763182 | G14: =PRODUCT(C14:F14) -> 2.8100427
B15: Sub-total | G15: =SUM(G14) -> 2.8100427 | H15: sqm | I15: 1017.47 | J15: =G15*I15 -> 2859.1341
B16: -13% VAT for brick | J16: =0.13*G15*6360.9/10 -> 232.36721
B17: -13% VAT for sand | J17: =0.13*G15*2256.3/10 -> 82.423891
A19: 3 | B19: d]lzgsf] k|of]u u/L hu leQf kvf{ndf l;d]G6 s+lqm6 ug]{ sfd -!M@M$_
B20: -for lintel | C20: =2 -> 2 | D20: =15/3.281 -> 4.5717769 | E20: 0.35 | F20: 0.1 | G20: =PRODUCT(C20:F20) -> 0.32002438
C21: =2 -> 2 | D21: =9.75/3.281 -> 2.971655 | E21: 0.35 | F21: 0.1 | G21: =PRODUCT(C21:F21) -> 0.20801585
B22: =B14 -> -for stand tap | C22: =C14 -> 1 | D22: =D14 -> 1.6763182 | E22: =E14 -> 1.6763182 | F22: 0.1 | G22: =PRODUCT(C22:F22) -> 0.28100427
B23: Sub-total | G23: =SUM(G20:G22) -> 0.8090445 | H23: cum | I23: 12884.61 | J23: =G23*I23 -> 10424.223
B24: -13% VAT for cement | J24: =0.13*G23*4169.92 -> 438.57461
B25: -13% VAT for aggregate | J25: =0.13*G23*(1652.5+1106.96) -> 290.22837
B26: -13% VAT for sand | J26: =0.13*G23*1414.16 -> 148.73539
B27: -13% VAT for water | J27: =0.13*G23*36.4 -> 3.8283986
B28: -13% VAT for water | J28: =0.13*G23*392.92 -> 41.325669
B29: -13% VAT for water | J29: =0.13*G23*14.15 -> 1.4882374
A31: 4 | B31: d]lzgsf] k|of]u u/L ;'k/ :6«Sr/df l;d]G6 s+lqm6 ug]{ sfd -!M!=%M#_
B32: -beam | C32: 2 | D32: =15/3.281 -> 4.5717769 | E32: 0.23 | F32: 0.23 | G32: =PRODUCT(C32:F32) -> 0.483694
C33: =2*2 -> 4 | D33: =9.75/3.281 -> 2.971655 | E33: 0.23 | F33: 0.23 | G33: =PRODUCT(C33:F33) -> 0.62880219
B34: -upper beam | C34: 2 | D34: =8.17/3.281 -> 2.4900945 | E34: 0.23 | F34: 0.23 | G34: =PRODUCT(C34:F34) -> 0.263452
C35: 2 | D35: =3.75/3.281 -> 1.1429442 | E35: 0.23 | F35: 0.23 | G35: =PRODUCT(C35:F35) -> 0.1209235
B36: -slab | C36: 2 | D36: =((17.667+8.17)/2)/3.281 -> 3.9373667 | E36: =6.33/3.281 -> 1.9292899 | F36: 0.075 | G36: =PRODUCT(C36:F36) -> 1.1394482
C37: 2 | D37: =((14.75+5.25)/2)/3.281 -> 3.0478513 | E37: =6.33/3.281 -> 1.9292899 | F37: 0.075 | G37: =PRODUCT(C37:F37) -> 0.88202828
B38: -column | C38: 4 | D38: 0.23 | E38: 0.23 | F38: =2.25/3.281 -> 0.68576653 | G38: =PRODUCT(C38:F38) -> 0.1451082
B39: Sub-total | G39: =SUM(G32:G38) -> 3.6634564 | H39: cum | I39: 13957.29 | J39: =G39*I39 -> 51131.923
B40: -13% VAT for cement | J40: =0.13*G39*5212.4 -> 2482.402
B41: -13% VAT for aggregate | J41: =0.13*G39*(1912.03+921.59) -> 1349.5096
B42: -13% VAT for sand | J42: =0.13*G39*1350.6 -> 643.22235
B43: -13% VAT for water | J43: =0.13*G39*56 -> 26.669963
B44: -13% VAT for diesel | J44: =0.13*G39*392.92 -> 187.12789
B45: -13% VAT for petrol | J45: =0.13*G39*14.15 -> 6.738928
A47: 5 | B47: kmnfd]sf] kfOk / KnfOaf]8{af6 kmdf{ agfpg] sfd
B48: =B32 -> -beam | C48: =C32 -> 2 | D48: =D32 -> 4.5717769 | F48: =0.23*2 -> 0.46 | G48: =PRODUCT(C48:F48) -> 4.2060347
C49: =C33 -> 4 | D49: =D33 -> 2.971655 | F49: =0.23*2 -> 0.46 | G49: =PRODUCT(C49:F49) -> 5.4678452
B50: =B34 -> -upper beam | C50: =C34 -> 2 | D50: =D34 -> 2.4900945 | F50: =0.23*2 -> 0.46 | G50: =PRODUCT(C50:F50) -> 2.2908869
C51: =C35 -> 2 | D51: =D35 -> 1.1429442 | F51: =0.23*2 -> 0.46 | G51: =PRODUCT(C51:F51) -> 1.0515087
B52: =B36 -> -slab | C52: =C36 -> 2 | D52: =D36 -> 3.9373667 | E52: =E36 -> 1.9292899 | G52: =PRODUCT(C52:F52) -> 15.192643
C53: =C37 -> 2 | D53: =D37 -> 3.0478513 | E53: =E37 -> 1.9292899 | G53: =PRODUCT(C53:F53) -> 11.760377
B54: =B38 -> -column | C54: =C38 -> 4 | D54: =0.23*4 -> 0.92 | F54: =F38 -> 0.68576653 | G54: =PRODUCT(C54:F54) -> 2.5236208
B55: Sub-total | G55: =SUM(G48:G54) -> 42.492916 | H55: sqm | I55: 922.71 | J55: =G55*I55 -> 39208.639
B56: -13% VAT for plyboard | J56: =0.13*G55*20062.02/100 -> 1108.2419
B57: -13% VAT for wood | J57: =0.13*G55*13328.25/100 -> 736.26308
B58: -13% VAT for iron props | J58: =0.13*G55*10137.6/100 -> 560.00905
B59: -13% VAT for nails | J59: =0.13*G55*3300/100 -> 182.29461
A61: 6 | B61: cf/=;L=;L= nflu kmnfd] 808L sf6\g], df]8\g] #) dL6/ ;Dd | C61: No. | D61: Length (m) | E61: Unit Weight (Kg/m) | F61: Total Weight (Kg)
B62: =B32 -> -beam | C62: =C48*(3*2) -> 12 | D62: =D32+(0.583/3.281)*2 -> 4.9271564 | E62: =12*12/162 -> 0.88888889 | F62: =PRODUCT(C62:E62) -> 52.556334 | G62: =F62/1000 -> 0.052556334
B63: -stirrups | C63: =2*(TRUNC((D48-0.1-0.23*2)/0.125,0)) -> 64 | D63: =((0.583*4)+0.17*2)/3.281 -> 0.81438586 | E63: =8*8/162 -> 0.39506173 | F63: =PRODUCT(C63:E63) -> 20.590892 | G63: =F63/1000 -> 0.020590892
B64: =B48 -> -beam | C64: =C50*(3*2) -> 12 | D64: =D33+0.23*2+(0.583/3.281)*2 -> 3.7870344 | E64: =12*12/162 -> 0.88888889 | F64: =PRODUCT(C64:E64) -> 40.395034 | G64: =F64/1000 -> 0.040395034
B65: -stirrups | C65: =4*(TRUNC((D49-0.1)/0.125,0)) -> 88 | D65: =((0.583*4)+0.17*2)/3.281 -> 0.81438586 | E65: =8*8/162 -> 0.39506173 | F65: =PRODUCT(C65:E65) -> 28.312476 | G65: =F65/1000 -> 0.028312476
B66: =B50 -> -upper beam | C66: =C50*(3*2) -> 12 | D66: =D34+(0.583/3.281)*2 -> 2.8454739 | E66: =12*12/162 -> 0.88888889 | F66: =PRODUCT(C66:E66) -> 30.351722 | G66: =F66/1000 -> 0.030351722
B67: -stirrups | C67: =2*(TRUNC((D50-0.1-0.23*2)/0.125,0)) -> 30 | D67: =((0.583*4)+0.17*2)/3.281 -> 0.81438586 | E67: =8*8/162 -> 0.39506173 | F67: =PRODUCT(C67:E67) -> 9.6519805 | G67: =F67/1000 -> 0.0096519805
B68: =B34 -> -upper beam | C68: =C51*(3*2) -> 12 | D68: =D35+0.23*2+(0.583/3.281)*2 -> 1.9583237 | E68: =12*12/162 -> 0.88888889 | F68: =PRODUCT(C68:E68) -> 20.888786 | G68: =F68/1000 -> 0.020888786
B69: -stirrups | C69: =2*(TRUNC((D51-0.1)/0.125,0)) -> 16 | D69: =((0.583*4)+0.17*2)/3.281 -> 0.81438586 | E69: =8*8/162 -> 0.39506173 | F69: =PRODUCT(C69:E69) -> 5.147723 | G69: =F69/1000 -> 0.005147723
B70: =B52 -> -slab | C70: =TRUNC(((E52-0.1)/0.15),0) -> 12 | D70: =D52*C52+D53*C53 -> 13.970436 | E70: =8*8/162 -> 0.39506173 | F70: =PRODUCT(C70:E70) -> 66.230214 | G70: =F70/1000 -> 0.066230214
C71: =2*(TRUNC(((D52-0.1)/0.15),0)) -> 50 | D71: =E52 -> 1.9292899 | E71: =8*8/162 -> 0.39506173 | F71: =PRODUCT(C71:E71) -> 38.109429 | G71: =F71/1000 -> 0.038109429
C72: =2*(TRUNC(((D53-0.1)/0.15),0)) -> 38 | D72: =E53 -> 1.9292899 | E72: =8*8/162 -> 0.39506173 | F72: =PRODUCT(C72:E72) -> 28.963166 | G72: =F72/1000 -> 0.028963166
B73: -column | C73: 8 | D73: =((3.75-0.33)/3.281)+(0.45*2) -> 1.9423651 | E73: =12*12/162 -> 0.88888889 | F73: =PRODUCT(C73:E73) -> 13.812374 | G73: =F73/1000 -> 0.013812374
B74: -stirrups | C74: =4*(TRUNC((2.25-0.17*2)/0.33,0)+1) -> 24 | D74: =(6*4+2*2)/12/3.281 -> 0.7111653 | E74: =8*8/162 -> 0.39506173 | F74: =PRODUCT(C74:E74) -> 6.7429006 | G74: =F74/1000 -> 0.0067429006
C75: =C74 -> 24 | D75: =(4*4+2*2)/12/3.281 -> 0.50797521 | E75: =8*8/162 -> 0.39506173 | F75: =PRODUCT(C75:E75) -> 4.8163576 | G75: =F75/1000 -> 0.0048163576
B76: Sub-total | G76: =SUM(G62:G75) -> 0.36656939 | H76: MT | I76: 132360 | J76: =G76*I76 -> 48519.124
B77: -13% VAT for TMT rod | J77: =0.13*G76*105000 -> 5003.6722
B78: -13% VAT for binding wire | J78: =0.13*G76*1200 -> 57.184825
A80: 7 | B80: l;d]G6 s+qmL6 ˆnf]l/Ë -!M@M$_ -#* dL=dL=_
B81: -flooring | C81: 1 | D81: =12.667/3.281 -> 3.8607132 | E81: =9.75/3.281 -> 2.971655 | G81: =PRODUCT(C81:F81) -> 11.472708
B82: Sub-total | G82: =SUM(G81) -> 11.472708 | H82: sqm | I82: 689.98 | J82: =G82*I82 -> 7915.9388
B83: -13% VAT for cement | J83: =0.13*G82*1694.03/10 -> 252.65644
B84: -13% VAT for sand | J84: =0.13*G82*472.02/10 -> 70.399517
B85: -13% VAT for aggregate | J85: =0.13*G82*1207.6/10 -> 180.10774
A87: 8 | B87: # dL=dL= df]6fO{ d;Lgf] l;d]G6 3f]6\g] sfd
B88: =B81 -> -flooring | C88: =C81 -> 1 | D88: =D81 -> 3.8607132 | E88: =E81 -> 2.971655 | G88: =PRODUCT(C88:F88) -> 11.472708
B89: =B116 -> -for wing walls of stand tap | C89: =C116 -> 4 | D89: =D116 -> 1.2163182 | F89: =F116 -> 0.6 | G89: =PRODUCT(C89:F89) -> 2.9191637
B90: =B117 -> -for side wall of stand tap | C90: =C117 -> 1 | D90: =D117 -> 1.3197196 | F90: =F117 -> 0.6 | G90: =PRODUCT(C90:F90) -> 0.79183176
B91: =B118 -> -stand | C91: =C118 -> 1 | D91: =D118 -> 0.3565986 | F91: =F118 -> 1.2 | G91: =PRODUCT(C91:F91) -> 0.42791832
C92: =C119 -> 1 | D92: =D119 -> 0.46 | F92: =F119 -> 0.6 | G92: =PRODUCT(C92:F92) -> 0.276
B93: -for floor area | C93: =C14 -> 1 | D93: =M10 -> 1.6763182 | E93: =N10 -> 1.6763182 | G93: =PRODUCT(C93:F93) -> 2.8100427
B94: Sub-total | G94: =SUM(G88:G93) -> 18.697664 | H94: sqm | I94: 287.32 | J94: =G94*I94 -> 5372.2128
B95: -13% VAT for cement | J95: =0.13*G94*693.24/10 -> 168.50559
A97: 9 | B97: e'O{+tNnfdf lrDgL e§fsf] O{+6fsf] uf/f] l;d]G6 d;nf -!M^_ df
B98: -for wall continue | C98: 2 | D98: =9.75/3.281 -> 2.971655 | E98: 0.35 | F98: =(10-3.5-0.33)/3.281 -> 1.8805242 | G98: =PRODUCT(C98:F98) -> 3.9117884
C99: 2 | D99: =15/3.281 -> 4.5717769 | E99: 0.35 | F99: =(10-3.5-0.33)/3.281 -> 1.8805242 | G99: =PRODUCT(C99:F99) -> 6.0181361
B100: -deduction for door | C100: -1 | D100: =1.5 -> 1.5 | E100: 0.35 | F100: =(7-3.5)/3.281 -> 1.0667479 | G100: =PRODUCT(C100:F100) -> -0.56004267
B101: -deduction for window | C101: -2 | D101: =3.5/3.281 -> 1.0667479 | E101: 0.35 | F101: =(7-3.5)/3.281 -> 1.0667479 | G101: =PRODUCT(C101:F101) -> -0.79656582
B102: -for wing walls of stand tap | C102: =C14*2 -> 2 | D102: =N10-O10*2 -> 1.2163182 | E102: =O10 -> 0.23 | F102: =P10 -> 0.6 | G102: =PRODUCT(C102:F102) -> 0.33570382
B103: -for side wall of stand tap | C103: =C14 -> 1 | D103: =M10-R10 -> 1.3197196 | E103: =O10 -> 0.23 | F103: =P10 -> 0.6 | G103: =PRODUCT(C103:F103) -> 0.1821213
B104: -for stand tap | C104: =C14 -> 1 | D104: =R10 -> 0.3565986 | E104: =O10 -> 0.23 | F104: =Q10 -> 1.2 | G104: =PRODUCT(C104:F104) -> 0.098421213
B105: Sub-total | G105: =SUM(G98:G104) -> 9.1895624 | H105: cum | I105: =14491.84 -> 14491.84 | J105: =G105*I105 -> 133173.67
B106: -13% VAT for brick | J106: =0.13*G105*8481.2 -> 10132.007
B107: -13% VAT for cement | J107: =0.13*G105*912.17 -> 1089.7176
B108: -13% VAT for sanda | J108: =0.13*G105*953.37 -> 1138.9369
...

Sheet Sheet1
B2: Foundation size | E2: Footing size | H2: Plinth size | K2: Toe wall | O2: Column size | R2: Tie beam size | U2: Tie beam size
B3: Length | C3: Breadth | D3: Depth from GL | E3: Length in PL area | F3: Breadth in PL area | G3: Depth | H3: Length | I3: Breadth | J3: Depth from GL | K3: Length L1 | L3: Ht. H1 | M3: Length L2 | N3: Ht. H2 | O3: Length/B | P3: Ht. upto plinth | Q3: Ht. above PL upto ceiling | R3: Length | S3: Width | T3: Height | U3: Length | V3: Width | W3: Height
B4: 1.5 | C4: 1.5 | D4: 1.5 | E4: =3.083/3.281 -> 0.93965254 | F4: =3.083/3.281 -> 0.93965254 | G4: 0.35 | H4: =14/3.281 -> 4.2669918 | I4: =14/3.281 -> 4.2669918 | J4: 0.45 | K4: =H4-E4*2 -> 2.3876867 | L4: =0.5-0.055-0.075+J4 -> 0.82 | M4: =E4-1.17/3.281 -> 0.58305395 | N4: =D4-G4+J4 -> 1.6 | O4: 0.35 | P4: =D4-G4+J4-T4 -> 1.37 | Q4: =(10.5-0.42)/3.281 -> 3.0722341 | R4: =H4-O4*2 -> 3.5669918 | S4: 0.23 | T4: 0.23 | U4: =K4-R4*2 -> -4.7462969 | V4: 0.23 | W4: 0.35

Sheet 2.5' ht
A1: Government of Nepal
A2: Shankharapur Municipality Office
A3: Bagmati Province
A4: Sankhu, Kathmandu
A5: Detail Estimated Sheet
A6: Project:- k~rkfn] led;]g dlGb/ cw'/f] | H6: F.Y.: 2082/2083
A7: Location:- Shankharapur Municipality 1 | H7: Date:
A8: S.N. | B8: Description of work | C8: No. | D8: Length | E8: Breadth | F8: Height | G8: Quantity | H8: Unit | I8: Rate | J8: Amount | K8: Remark | M8: Water tap size
A9: 1 | B9: g/d k|sf/sf] Sn] / l;N6L df6f]df ;j} lsl;dsf] vGg] sfd | M9: length | N9: Breadth | O9: thickness | P9: Height 1 | Q9: Height 2 | R9: Width of stand tap
B10: -for stand tap | C10: 1 | D10: =5.5/3.281 -> 1.6763182 | E10: =5.5/3.281 -> 1.6763182 | F10: 0.15 | G10: =PRODUCT(C10:F10) -> 0.4215064 | M10: =5.5/3.281 -> 1.6763182 | N10: =5.5/3.281 -> 1.6763182 | O10: 0.23 | P10: =TRUNC(2/3.281,1) -> 0.6 | Q10: =TRUNC(4/3.281,1) -> 1.2 | R10: =1.17/3.281 -> 0.3565986
B11: Sub-total | G11: =SUM(G10) -> 0.4215064 | H11: cum | I11: 674.12 | J11: =G11*I11 -> 284.1459
A13: 2 | B13: ;'Vvf O{6f RofK6f] 5fKg] sfd
B14: =B10 -> -for stand tap | C14: =C10 -> 1 | D14: =D10 -> 1.6763182 | E14: =E10 -> 1.6763182 | G14: =PRODUCT(C14:F14) -> 2.8100427
B15: Sub-total | G15: =SUM(G14) -> 2.8100427 | H15: sqm | I15: 1017.47 | J15: =G15*I15 -> 2859.1341
B16: -13% VAT for brick | J16: =0.13*G15*6360.9/10 -> 232.36721
B17: -13% VAT for sand | J17: =0.13*G15*2256.3/10 -> 82.423891
A19: 3 | B19: d]lzgsf] k|of]u u/L hu leQf kvf{ndf l;d]G6 s+lqm6 ug]{ sfd -!M@M$_
B20: -for lintel | C20: =2 -> 2 | D20: =15/3.281 -> 4.5717769 | E20: 0.35 | F20: 0.1 | G20: =PRODUCT(C20:F20) -> 0.32002438
C21: =2 -> 2 | D21: =9.75/3.281 -> 2.971655 | E21: 0.35 | F21: 0.1 | G21: =PRODUCT(C21:F21) -> 0.20801585
B22: =B14 -> -for stand tap | C22: =C14 -> 1 | D22: =D14 -> 1.6763182 | E22: =E14 -> 1.6763182 | F22: 0.1 | G22: =PRODUCT(C22:F22) -> 0.28100427
B23: Sub-total | G23: =SUM(G20:G22) -> 0.8090445 | H23: cum | I23: 12884.61 | J23: =G23*I23 -> 10424.223
B24: -13% VAT for cement | J24: =0.13*G23*4169.92 -> 438.57461
B25: -13% VAT for aggregate | J25: =0.13*G23*(1652.5+1106.96) -> 290.22837
B26: -13% VAT for sand | J26: =0.13*G23*1414.16 -> 148.73539
B27: -13% VAT for water | J27: =0.13*G23*36.4 -> 3.8283986
B28: -13% VAT for water | J28: =0.13*G23*392.92 -> 41.325669
B29: -13% VAT for water | J29: =0.13*G23*14.15 -> 1.4882374
A31: 4 | B31: d]lzgsf] k|of]u u/L ;'k/ :6«Sr/df l;d]G6 s+lqm6 ug]{ sfd -!M!=%M#_
B32: -beam | C32: 2 | D32: =15/3.281 -> 4.5717769 | E32: 0.23 | F32: 0.35 | G32: =PRODUCT(C32:F32) -> 0.73605608
C33: =2*2 -> 4 | D33: =9.75/3.281 -> 2.971655 | E33: 0.23 | F33: 0.35 | G33: =PRODUCT(C33:F33) -> 0.9568729
B34: -upper beam | C34: 2 | D34: =8.17/3.281 -> 2.4900945 | E34: 0.23 | F34: 0.23 | G34: =PRODUCT(C34:F34) -> 0.263452
C35: 2 | D35: =3.75/3.281 -> 1.1429442 | E35: 0.23 | F35: 0.23 | G35: =PRODUCT(C35:F35) -> 0.1209235
B36: -slab | C36: 2 | D36: =((18.25+8.17)/2)/3.281 -> 4.0262115 | E36: =6.17/3.281 -> 1.8805242 | F36: 0.075 | G36: =PRODUCT(C36:F36) -> 1.1357082
C37: 2 | D37: =((15.25+5.25)/2)/3.281 -> 3.1240475 | E37: =6.33/3.281 -> 1.9292899 | F37: 0.075 | G37: =PRODUCT(C37:F37) -> 0.90407898
B38: -column | C38: 4 | D38: 0.23 | E38: 0.23 | F38: =(2.25-0.5)/3.281 -> 0.53337397 | G38: =PRODUCT(C38:F38) -> 0.11286193
B39: Sub-total | G39: =SUM(G32:G38) -> 4.2299536 | H39: cum | I39: 13957.29 | J39: =G39*I39 -> 59038.69
B40: -13% VAT for cement | J40: =0.13*G39*5212.4 -> 2866.2673
B41: -13% VAT for aggregate | J41: =0.13*G39*(1912.03+921.59) -> 1558.1906
B42: -13% VAT for sand | J42: =0.13*G39*1350.6 -> 742.6868
B43: -13% VAT for water | J43: =0.13*G39*56 -> 30.794063
B44: -13% VAT for diesel | J44: =0.13*G39*392.92 -> 216.06434
B45: -13% VAT for petrol | J45: =0.13*G39*14.15 -> 7.7809997
A47: 5 | B47: kmnfd]sf] kfOk / KnfOaf]8{af6 kmdf{ agfpg] sfd
B48: =B32 -> -beam | C48: =C32 -> 2 | D48: =D32 -> 4.5717769 | F48: =0.35*2 -> 0.7 | G48: =PRODUCT(C48:F48) -> 6.4004877
C49: =C33 -> 4 | D49: =D33 -> 2.971655 | F49: =0.35*2 -> 0.7 | G49: =PRODUCT(C49:F49) -> 8.320634
B50: =B34 -> -upper beam | C50: =C34 -> 2 | D50: =D34 -> 2.4900945 | F50: =0.23*2 -> 0.46 | G50: =PRODUCT(C50:F50) -> 2.2908869
C51: =C35 -> 2 | D51: =D35 -> 1.1429442 | F51: =0.23*2 -> 0.46 | G51: =PRODUCT(C51:F51) -> 1.0515087
B52: =B36 -> -slab | C52: =C36 -> 2 | D52: =D36 -> 4.0262115 | E52: =E36 -> 1.8805242 | G52: =PRODUCT(C52:F52) -> 15.142777
C53: =C37 -> 2 | D53: =D37 -> 3.1240475 | E53: =E37 -> 1.9292899 | G53: =PRODUCT(C53:F53) -> 12.054386
B54: =B38 -> -column | C54: =C38 -> 4 | D54: =0.23*4 -> 0.92 | F54: =F38 -> 0.53337397 | G54: =PRODUCT(C54:F54) -> 1.9628162
B55: Sub-total | G55: =SUM(G48:G54) -> 47.223497 | H55: sqm | I55: 922.71 | J55: =G55*I55 -> 43573.592
B56: -13% VAT for plyboard | J56: =0.13*G55*20062.02/100 -> 1231.6184
B57: -13% VAT for wood | J57: =0.13*G55*13328.25/100 -> 818.22854
B58: -13% VAT for iron props | J58: =0.13*G55*10137.6/100 -> 622.35279
B59: -13% VAT for nails | J59: =0.13*G55*3300/100 -> 202.5888
A61: 6 | B61: cf/=;L=;L= nflu kmnfd] 808L sf6\g], df]8\g] #) dL6/ ;Dd | C61: No. | D61: Length (m) | E61: Unit Weight (Kg/m) | F61: Total Weight (Kg)
B62: =B32 -> -beam | C62: =C48*(4) -> 8 | D62: =D32-0.1+(0.583/3.281)*2 -> 4.8271564 | E62: =16*16/162 -> 1.5802469 | F62: =PRODUCT(C62:E62) -> 61.024791 | G62: =F62/1000 -> 0.061024791
C63: =C48*(2) -> 4 | D63: =D33-0.1+(0.583/3.281)*2 -> 3.2270344 | E63: =12*12/162 -> 0.88888889 | F63: =PRODUCT(C63:E63) -> 11.4739 | G63: =F63/1000 -> 0.0114739
B64: -stirrups | C64: =2*(TRUNC((D48-0.1-0.23*2)/0.125,0)) -> 64 | D64: =((0.583*4)+0.17*2)/3.281 -> 0.81438586 | E64: =8*8/162 -> 0.39506173 | F64: =PRODUCT(C64:E64) -> 20.590892 | G64: =F64/1000 -> 0.020590892
B65: =B48 -> -beam | C65: =C49*(4) -> 16 | D65: =D33-0.1+0.23*2+(0.583/3.281)*2 -> 3.6870344 | E65: =16*16/162 -> 1.5802469 | F65: =PRODUCT(C65:E65) -> 93.222797 | G65: =F65/1000 -> 0.093222797
C66: =C49*(2) -> 8 | D66: =D34-0.1+0.23*2+(0.583/3.281)*2 -> 3.2054739 | E66: =12*12/162 -> 0.88888889 | F66: =PRODUCT(C66:E66) -> 22.794481 | G66: =F66/1000 -> 0.022794481
B67: -stirrups | C67: =4*(TRUNC((D49-0.1)/0.125,0)) -> 88 | D67: =((0.583*4)+0.17*2)/3.281 -> 0.81438586 | E67: =8*8/162 -> 0.39506173 | F67: =PRODUCT(C67:E67) -> 28.312476 | G67: =F67/1000 -> 0.028312476
B68: =B50 -> -upper beam | C68: =C50*(3*2) -> 12 | D68: =D34-0.1+(0.583/3.281)*2 -> 2.7454739 | E68: =12*12/162 -> 0.88888889 | F68: =PRODUCT(C68:E68) -> 29.285055 | G68: =F68/1000 -> 0.029285055
B69: -stirrups | C69: =2*(TRUNC((D50-0.1-0.23*2)/0.125,0)) -> 30 | D69: =((0.583*4)+0.17*2)/3.281 -> 0.81438586 | E69: =8*8/162 -> 0.39506173 | F69: =PRODUCT(C69:E69) -> 9.6519805 | G69: =F69/1000 -> 0.0096519805
B70: =B34 -> -upper beam | C70: =C51*(3*2) -> 12 | D70: =D35-0.1+0.23*2+(0.583/3.281)*2 -> 1.8583237 | E70: =12*12/162 -> 0.88888889 | F70: =PRODUCT(C70:E70) -> 19.822119 | G70: =F70/1000 -> 0.019822119
B71: -stirrups | C71: =2*(TRUNC((D51-0.1)/0.125,0)) -> 16 | D71: =((0.583*4)+0.17*2)/3.281 -> 0.81438586 | E71: =8*8/162 -> 0.39506173 | F71: =PRODUCT(C71:E71) -> 5.147723 | G71: =F71/1000 -> 0.005147723
B72: =B52 -> -slab | C72: =TRUNC(((E52-0.1)/0.15),0) -> 11 | D72: =D52*C52 -> 8.052423 | E72: =8*8/162 -> 0.39506173 | F72: =PRODUCT(C72:E72) -> 34.993246 | G72: =F72/1000 -> 0.034993246
C73: =2*(TRUNC(((D52-0.1)/0.15),0)) -> 52 | D73: =E52 -> 1.8805242 | E73: =8*8/162 -> 0.39506173 | F73: =PRODUCT(C73:E73) -> 38.632004 | G73: =F73/1000 -> 0.038632004
C74: =2*(TRUNC(((D53-0.1)/0.15),0)) -> 40 | D74: =E53 -> 1.9292899 | E74: =8*8/162 -> 0.39506173 | F74: =PRODUCT(C74:E74) -> 30.487543 | G74: =F74/1000 -> 0.030487543
C75: =2*(TRUNC(((E53-0.1)/0.15),0)) -> 24 | D75: =D53 -> 3.1240475 | E75: =8*8/162 -> 0.39506173 | F75: =PRODUCT(C75:E75) -> 29.620599 | G75: =F75/1000 -> 0.029620599
B76: -column | C76: 8 | D76: =((3-0.33)/3.281)+(0.45*2) -> 1.7137763 | E76: =12*12/162 -> 0.88888889 | F76: =PRODUCT(C76:E76) -> 12.186854 | G76: =F76/1000 -> 0.012186854
B77: -stirrups | C77: =4*(TRUNC((2.25-0.17*2)/0.33,0)+1) -> 24 | D77: =(6*4+2*2)/12/3.281 -> 0.7111653 | E77: =8*8/162 -> 0.39506173 | F77: =PRODUCT(C77:E77) -> 6.7429006 | G77: =F77/1000 -> 0.0067429006
C78: =C77 -> 24 | D78: =(4*4+2*2)/12/3.281 -> 0.50797521 | E78: =8*8/162 -> 0.39506173 | F78: =PRODUCT(C78:E78) -> 4.8163576 | G78: =F78/1000 -> 0.0048163576
B79: Sub-total | G79: =SUM(G62:G78) -> 0.45880572 | H79: MT | I79: 132360 | J79: =G79*I79 -> 60727.525
B80: -13% VAT for TMT rod | J80: =0.13*G79*105000 -> 6262.6981
B81: -13% VAT for binding wire | J81: =0.13*G79*1200 -> 71.573692
A83: 7 | B83: l;d]G6 s+qmL6 ˆnf]l/Ë -!M@M$_ -#* dL=dL=_
B84: -peti area | C84: 2 | D84: =12/3.281 -> 3.6574215 | E84: 0.9 | G84: =PRODUCT(C84:F84) -> 6.5833587
C85: 2 | D85: =21/3.281 -> 6.4004877 | E85: 0.9 | G85: =PRODUCT(C85:F85) -> 11.520878
B86: Sub-total | G86: =SUM(G84:G85) -> 18.104237 | H86: sqm | I86: 689.98 | J86: =G86*I86 -> 12491.561
B87: -13% VAT for cement | J87: =0.13*G86*1694.03/10 -> 398.69856
B88: -13% VAT for sand | J88: =0.13*G86*472.02/10 -> 111.0923
B89: -13% VAT for aggregate | J89: =0.13*G86*1207.6/10 -> 284.21479
A91: 7 | B91: !^ dL=dL=u|]gfO{6, @) dL dL afSnf] !M@ efusf] l;d]G6 d;nfdf 5fkL 3f]6\g] / kflnz ;d]t ug]{
B92: -flooring inside | C92: 1 | D92: =12.667/3.281 -> 3.8607132 | E92: =9.75/3.281 -> 2.971655 | G92: =PRODUCT(C92:F92) -> 11.472708
B93: Sub-total | G93: =SUM(G92) -> 11.472708 | H93: sqm | I93: 6851.63 | J93: =G93*I93 -> 78606.748
B94: -13% VAT for cement | J94: =0.13*G93*1694.03/10 -> 252.65644
B95: -13% VAT for sand | J95: =0.13*G93*581.55/10 -> 86.73539
B96: -13% VAT for 16mm granite | J96: =0.13*G93*43319.76/10 -> 6460.9342
B97: -13% VAT for cShflns Pl;8 | J97: =0.13*G93*46.25/10 -> 6.8979655
B98: -13% VAT for d}g kflnz | J98: =0.13*G93*43.3/10 -> 6.4579871
B99: -13% VAT for tf/k]G6fOg | J99: =0.13*G93*118.89/10 -> 17.731873
B100: -13% VAT for sfaf]{/08d 9'ª\uf | J100: =0.13*G93*120/10 -> 17.897424
A102: 8 | B102: # dL=dL= df]6fO{ d;Lgf] l;d]G6 3f]6\g] sfd
B103: =B134 -> -for wing walls of stand tap | C103: =C134 -> 4 | D103: =D134 -> 1.2163182 | F103: =F134 -> 0.6 | G103: =PRODUCT(C103:F103) -> 2.9191637
B104: =B135 -> -for side wall of stand tap | C104: =C135 -> 1 | D104: =D135 -> 1.3197196 | F104: =F135 -> 0.6 | G104: =PRODUCT(C104:F104) -> 0.79183176
B105: =B136 -> -stand | C105: =C136 -> 1 | D105: =D136 -> 0.3565986 | F105: =F136 -> 1.2 | G105: =PRODUCT(C105:F105) -> 0.42791832
C106: =C137 -> 1 | D106: =D137 -> 0.46 | F106: =F137 -> 0.6 | G106: =PRODUCT(C106:F106) -> 0.276
B107: -for floor area | C107: =C14 -> 1 | D107: =M10 -> 1.6763182 | E107: =N10 -> 1.6763182 | G107: =PRODUCT(C107:F107) -> 2.8100427
B108: =B84 -> -peti area | C108: =C84 -> 2 | D108: =D84 -> 3.6574215 | E108: =E84 -> 0.9 | G108: =PRODUCT(C108:F108) -> 6.5833587
...

Sheet total slope
A1: Government of Nepal
A2: Shankharapur Municipality Office
A3: Bagmati Province
A4: Sankhu, Kathmandu
A5: Detail Estimated Sheet
A6: Project:- k~rkfn] led;]g dlGb/ cw'/f] | H6: F.Y.: 2082/2083
A7: Location:- Shankharapur Municipality 1 | H7: Date:
A8: S.N. | B8: Description of work | C8: No. | D8: Length | E8: Breadth | F8: Height | G8: Quantity | H8: Unit | I8: Rate | J8: Amount | K8: Remark | M8: Water tap size
A9: 1 | B9: g/d k|sf/sf] Sn] / l;N6L df6f]df ;j} lsl;dsf] vGg] sfd | M9: length | N9: Breadth | O9: thickness | P9: Height 1 | Q9: Height 2 | R9: Width of stand tap
B10: -for stand tap | C10: 1 | D10: =5.5/3.281 -> 1.6763182 | E10: =5.5/3.281 -> 1.6763182 | F10: 0.15 | G10: =PRODUCT(C10:F10) -> 0.4215064 | M10: =5.5/3.281 -> 1.6763182 | N10: =5.5/3.281 -> 1.6763182 | O10: 0.23 | P10: =TRUNC(2/3.281,1) -> 0.6 | Q10: =TRUNC(4/3.281,1) -> 1.2 | R10: =1.17/3.281 -> 0.3565986
B11: Sub-total | G11: =SUM(G10) -> 0.4215064 | H11: cum | I11: 674.12 | J11: =G11*I11 -> 284.1459
A13: 2 | B13: ;'Vvf O{6f RofK6f] 5fKg] sfd
B14: =B10 -> -for stand tap | C14: =C10 -> 1 | D14: =D10 -> 1.6763182 | E14: =E10 -> 1.6763182 | G14: =PRODUCT(C14:F14) -> 2.8100427
B15: Sub-total | G15: =SUM(G14) -> 2.8100427 | H15: sqm | I15: 1017.47 | J15: =G15*I15 -> 2859.1341
B16: -13% VAT for brick | J16: =0.13*G15*6360.9/10 -> 232.36721
B17: -13% VAT for sand | J17: =0.13*G15*2256.3/10 -> 82.423891
A19: 3 | B19: d]lzgsf] k|of]u u/L hu leQf kvf{ndf l;d]G6 s+lqm6 ug]{ sfd -!M@M$_
B20: -for lintel | C20: =2 -> 2 | D20: =15/3.281 -> 4.5717769 | E20: 0.35 | F20: 0.1 | G20: =PRODUCT(C20:F20) -> 0.32002438
C21: =2 -> 2 | D21: =9.75/3.281 -> 2.971655 | E21: 0.35 | F21: 0.1 | G21: =PRODUCT(C21:F21) -> 0.20801585
B22: =B14 -> -for stand tap | C22: =C14 -> 1 | D22: =D14 -> 1.6763182 | E22: =E14 -> 1.6763182 | F22: 0.1 | G22: =PRODUCT(C22:F22) -> 0.28100427
B23: Sub-total | G23: =SUM(G20:G22) -> 0.8090445 | H23: cum | I23: 12884.61 | J23: =G23*I23 -> 10424.223
B24: -13% VAT for cement | J24: =0.13*G23*4169.92 -> 438.57461
B25: -13% VAT for aggregate | J25: =0.13*G23*(1652.5+1106.96) -> 290.22837
B26: -13% VAT for sand | J26: =0.13*G23*1414.16 -> 148.73539
B27: -13% VAT for water | J27: =0.13*G23*36.4 -> 3.8283986
B28: -13% VAT for diesel | J28: =0.13*G23*392.92 -> 41.325669
B29: -13% VAT for petrol | J29: =0.13*G23*14.15 -> 1.4882374
A31: 4 | B31: d]lzgsf] k|of]u u/L ;'k/ :6«Sr/df l;d]G6 s+lqm6 ug]{ sfd -!M!=%M#_
B32: -beam | C32: 2 | D32: =15/3.281 -> 4.5717769 | E32: 0.23 | F32: 0.35 | G32: =PRODUCT(C32:F32) -> 0.73605608
C33: =2*2 -> 4 | D33: =9.75/3.281 -> 2.971655 | E33: 0.23 | F33: 0.35 | G33: =PRODUCT(C33:F33) -> 0.9568729
B34: -upper beam | C34: 2 | D34: =5/3.281 -> 1.5239256 | E34: 0.23 | F34: 0.23 | G34: =PRODUCT(C34:F34) -> 0.16123133
C35: 2 | D35: =3.75/3.281 -> 1.1429442 | E35: 0.23 | F35: 0.23 | G35: =PRODUCT(C35:F35) -> 0.1209235
B36: -slab | C36: 2 | D36: =((18.25)/2)/3.281 -> 2.7811643 | E36: =10.5/3.281 -> 3.2002438 | F36: 0.075 | G36: =PRODUCT(C36:F36) -> 1.3350606
C37: 2 | D37: =((15.25)/2)/3.281 -> 2.3239866 | E37: =9.5/3.281 -> 2.8954587 | F37: 0.075 | G37: =PRODUCT(C37:F37) -> 1.0093511
B38: -column | C38: 4 | D38: 0.23 | E38: 0.23 | F38: =(2.667/3.281) -> 0.81286193 | G38: =PRODUCT(C38:F38) -> 0.17200158
B39: Sub-total | G39: =SUM(G32:G38) -> 4.4914971 | H39: cum | I39: 13957.29 | J39: =G39*I39 -> 62689.127
B40: -13% VAT for cement | J40: =0.13*G39*5212.4 -> 3043.4923
B41: -13% VAT for aggregate | J41: =0.13*G39*(1912.03+921.59) -> 1654.5355
B42: -13% VAT for sand | J42: =0.13*G39*1350.6 -> 788.60807
B43: -13% VAT for water | J43: =0.13*G39*56 -> 32.698099
B44: -13% VAT for diesel | J44: =0.13*G39*392.92 -> 229.42387
B45: -13% VAT for petrol | J45: =0.13*G39*14.15 -> 8.2621088
A47: 5 | B47: kmnfd]sf] kfOk / KnfOaf]8{af6 kmdf{ agfpg] sfd
B48: =B32 -> -beam | C48: =C32 -> 2 | D48: =D32 -> 4.5717769 | F48: =0.35*2 -> 0.7 | G48: =PRODUCT(C48:F48) -> 6.4004877
C49: =C33 -> 4 | D49: =D33 -> 2.971655 | F49: =0.35*2 -> 0.7 | G49: =PRODUCT(C49:F49) -> 8.320634
B50: =B34 -> -upper beam | C50: =C34 -> 2 | D50: =D34 -> 1.5239256 | F50: =0.23*2 -> 0.46 | G50: =PRODUCT(C50:F50) -> 1.4020116
C51: =C35 -> 2 | D51: =D35 -> 1.1429442 | F51: =0.23*2 -> 0.46 | G51: =PRODUCT(C51:F51) -> 1.0515087
B52: =B36 -> -slab | C52: =C36 -> 2 | D52: =D36 -> 2.7811643 | E52: =E36 -> 3.2002438 | G52: =PRODUCT(C52:F52) -> 17.800808
C53: =C37 -> 2 | D53: =D37 -> 2.3239866 | E53: =E37 -> 2.8954587 | G53: =PRODUCT(C53:F53) -> 13.458014
B54: =B38 -> -column | C54: =C38 -> 4 | D54: =0.23*4 -> 0.92 | F54: =F38-0.23 -> 0.58286193 | G54: =PRODUCT(C54:F54) -> 2.1449319
B55: Sub-total | G55: =SUM(G48:G54) -> 50.578396 | H55: sqm | I55: 922.71 | J55: =G55*I55 -> 46669.192
B56: -13% VAT for plyboard | J56: =0.13*G55*20062.02/100 -> 1319.1162
B57: -13% VAT for wood | J57: =0.13*G55*13328.25/100 -> 876.35796
B58: -13% VAT for iron props | J58: =0.13*G55*10137.6/100 -> 666.56661
B59: -13% VAT for nails | J59: =0.13*G55*3300/100 -> 216.98132
A61: 6 | B61: cf/=;L=;L= nflu kmnfd] 808L sf6\g], df]8\g] #) dL6/ ;Dd | C61: No. | D61: Length (m) | E61: Unit Weight (Kg/m) | F61: Total Weight (Kg)
B62: =B32 -> -beam | C62: =C48*(4) -> 8 | D62: =D32-0.1+(0.583/3.281)*2 -> 4.8271564 | E62: =16*16/162 -> 1.5802469 | F62: =PRODUCT(C62:E62) -> 61.024791 | G62: =F62/1000 -> 0.061024791
C63: =C48*(2) -> 4 | D63: =D33-0.1+(0.583/3.281)*2 -> 3.2270344 | E63: =12*12/162 -> 0.88888889 | F63: =PRODUCT(C63:E63) -> 11.4739 | G63: =F63/1000 -> 0.0114739
B64: -stirrups | C64: =2*(TRUNC((D48-0.1-0.23*2)/0.125,0)) -> 64 | D64: =((0.583*4)+0.17*2)/3.281 -> 0.81438586 | E64: =8*8/162 -> 0.39506173 | F64: =PRODUCT(C64:E64) -> 20.590892 | G64: =F64/1000 -> 0.020590892
B65: =B48 -> -beam | C65: =C49*(4) -> 16 | D65: =D33-0.1+0.23*2+(0.583/3.281)*2 -> 3.6870344 | E65: =16*16/162 -> 1.5802469 | F65: =PRODUCT(C65:E65) -> 93.222797 | G65: =F65/1000 -> 0.093222797
C66: =C49*(2) -> 8 | D66: =D34-0.1+0.23*2+(0.583/3.281)*2 -> 2.2393051 | E66: =12*12/162 -> 0.88888889 | F66: =PRODUCT(C66:E66) -> 15.923947 | G66: =F66/1000 -> 0.015923947
B67: -stirrups | C67: =4*(TRUNC((D49-0.1)/0.125,0)) -> 88 | D67: =((0.583*4)+0.17*2)/3.281 -> 0.81438586 | E67: =8*8/162 -> 0.39506173 | F67: =PRODUCT(C67:E67) -> 28.312476 | G67: =F67/1000 -> 0.028312476
B68: =B50 -> -upper beam | C68: =C50*(3*2) -> 12 | D68: =D34+(0.583/3.281)*2 -> 1.8793051 | E68: =12*12/162 -> 0.88888889 | F68: =PRODUCT(C68:E68) -> 20.045921 | G68: =F68/1000 -> 0.020045921
B69: -stirrups | C69: =2*(TRUNC((D50-0.1-0.23*2)/0.125,0)) -> 14 | D69: =((0.583*4)+0.17*2)/3.281 -> 0.81438586 | E69: =8*8/162 -> 0.39506173 | F69: =PRODUCT(C69:E69) -> 4.5042576 | G69: =F69/1000 -> 0.0045042576
B70: =B34 -> -upper beam | C70: =C51*(3*2) -> 12 | D70: =D35+0.23*2+(0.583/3.281)*2 -> 1.9583237 | E70: =12*12/162 -> 0.88888889 | F70: =PRODUCT(C70:E70) -> 20.888786 | G70: =F70/1000 -> 0.020888786
B71: -stirrups | C71: =2*(TRUNC((D51-0.1)/0.125,0)) -> 16 | D71: =((0.583*4)+0.17*2)/3.281 -> 0.81438586 | E71: =8*8/162 -> 0.39506173 | F71: =PRODUCT(C71:E71) -> 5.147723 | G71: =F71/1000 -> 0.005147723
B72: =B52 -> -slab | C72: =TRUNC(((E52-0.1)/0.15),0) -> 20 | D72: =D52*C52 -> 5.5623286 | E72: =8*8/162 -> 0.39506173 | F72: =PRODUCT(C72:E72) -> 43.949263 | G72: =F72/1000 -> 0.043949263
C73: =2*(TRUNC(((D52-0.1)/0.15),0)) -> 34 | D73: =E52 -> 3.2002438 | E73: =8*8/162 -> 0.39506173 | F73: =PRODUCT(C73:E73) -> 42.985991 | G73: =F73/1000 -> 0.042985991 | M73: =10.5/3.281 -> 3.2002438 | N73: =M73/2 -> 1.6001219
C74: =2*(TRUNC(((D53-0.1)/0.15),0)) -> 28 | D74: =E53 -> 2.8954587 | E74: =8*8/162 -> 0.39506173 | F74: =PRODUCT(C74:E74) -> 32.028778 | G74: =F74/1000 -> 0.032028778 | M74: =9.5/3.281 -> 2.8954587
C75: =2*(TRUNC(((E53-0.1)/0.15),0)) -> 36 | D75: =D53 -> 2.3239866 | E75: =8*8/162 -> 0.39506173 | F75: =PRODUCT(C75:E75) -> 33.052254 | G75: =F75/1000 -> 0.033052254
B76: -column | C76: 8 | D76: =((2.667-0.33)/3.281)+(0.45*2) -> 1.6122828 | E76: =12*12/162 -> 0.88888889 | F76: =PRODUCT(C76:E76) -> 11.465122 | G76: =F76/1000 -> 0.011465122
B77: -stirrups | C77: =4*(TRUNC((1.917-0.17*2)/0.33,0)+1) -> 20 | D77: =(6*4+2*2)/12/3.281 -> 0.7111653 | E77: =8*8/162 -> 0.39506173 | F77: =PRODUCT(C77:E77) -> 5.6190838 | G77: =F77/1000 -> 0.0056190838
C78: =C77 -> 20 | D78: =(4*4+2*2)/12/3.281 -> 0.50797521 | E78: =8*8/162 -> 0.39506173 | F78: =PRODUCT(C78:E78) -> 4.0136313 | G78: =F78/1000 -> 0.0040136313
B79: Sub-total | G79: =SUM(G62:G78) -> 0.45424961 | H79: MT | I79: 132360 | J79: =G79*I79 -> 60124.479
B80: -13% VAT for TMT rod | J80: =0.13*G79*105000 -> 6200.5072
B81: -13% VAT for binding wire | J81: =0.13*G79*1200 -> 70.86294
A83: 7 | B83: l;d]G6 s+qmL6 ˆnf]l/Ë -!M@M$_ -#* dL=dL=_
B84: -peti area | C84: 2 | D84: =12/3.281 -> 3.6574215 | E84: 0.9 | G84: =PRODUCT(C84:F84) -> 6.5833587
C85: 2 | D85: =21/3.281 -> 6.4004877 | E85: 0.9 | G85: =PRODUCT(C85:F85) -> 11.520878
B86: Sub-total | G86: =SUM(G84:G85) -> 18.104237 | H86: sqm | I86: 689.98 | J86: =G86*I86 -> 12491.561
B87: -13% VAT for cement | J87: =0.13*G86*1694.03/10 -> 398.69856
B88: -13% VAT for sand | J88: =0.13*G86*472.02/10 -> 111.0923
B89: -13% VAT for aggregate | J89: =0.13*G86*1207.6/10 -> 284.21479
A91: 8 | B91: !^ dL=dL=u|]gfO{6, @) dL dL afSnf] !M@ efusf] l;d]G6 d;nfdf 5fkL 3f]6\g] / kflnz ;d]t ug]{
B92: -flooring inside | C92: 1 | D92: =12.667/3.281 -> 3.8607132 | E92: =9.75/3.281 -> 2.971655 | G92: =PRODUCT(C92:F92) -> 11.472708
B93: Sub-total | G93: =SUM(G92) -> 11.472708 | H93: sqm | I93: 6851.63 | J93: =G93*I93 -> 78606.748
B94: -13% VAT for cement | J94: =0.13*G93*1694.03/10 -> 252.65644
B95: -13% VAT for sand | J95: =0.13*G93*581.55/10 -> 86.73539
B96: -13% VAT for 16mm granite | J96: =0.13*G93*43319.76/10 -> 6460.9342
B97: -13% VAT for cShflns Pl;8 | J97: =0.13*G93*46.25/10 -> 6.8979655
B98: -13% VAT for d}g kflnz | J98: =0.13*G93*43.3/10 -> 6.4579871
B99: -13% VAT for tf/k]G6fOg | J99: =0.13*G93*118.89/10 -> 17.731873
B100: -13% VAT for sfaf]{/08d 9'ª\uf | J100: =0.13*G93*120/10 -> 17.897424
A102: 9 | B102: # dL=dL= df]6fO{ d;Lgf] l;d]G6 3f]6\g] sfd
B103: =B134 -> -for wing walls of stand tap | C103: =C134 -> 4 | D103: =D134 -> 1.2163182 | F103: =F134 -> 0.6 | G103: =PRODUCT(C103:F103) -> 2.9191637
B104: =B135 -> -for side wall of stand tap | C104: =C135 -> 1 | D104: =D135 -> 1.3197196 | F104: =F135 -> 0.6 | G104: =PRODUCT(C104:F104) -> 0.79183176
B105: =B136 -> -stand | C105: =C136 -> 1 | D105: =D136 -> 0.3565986 | F105: =F136 -> 1.2 | G105: =PRODUCT(C105:F105) -> 0.42791832
C106: =C137 -> 1 | D106: =D137 -> 0.46 | F106: =F137 -> 0.6 | G106: =PRODUCT(C106:F106) -> 0.276
B107: -for floor area | C107: =C14 -> 1 | D107: =M10 -> 1.6763182 | E107: =N10 -> 1.6763182 | G107: =PRODUCT(C107:F107) -> 2.8100427
B108: =B84 -> -peti area | C108: =C84 -> 2 | D108: =D84 -> 3.6574215 | E108: =E84 -> 0.9 | G108: =PRODUCT(C108:F108) -> 6.5833587
...

Sheet WCR
A1: Government of Nepal
A2: Shankharapur Municipality Office
A3: Bagmati Province
A4: Sankhu, Kathmandu
A5: Work Completion Report
A6: Total Estimated Amount: | C6: =F101 -> 615013.61 | H6: Total Valuated Amount : | J6: =I101 -> 383357.49
A7: Work Started : | I7: Work Finished:
A8: Project:- k~rkfn] led;]g dlGb/ cw'/f] | I8: F.Y:2082/2083
A9: =[7]estimate!A7 -> Location:- Shankharapur Municipality 1 | I9: Date:2083/06/20
A11: S.No. | B11: Description | C11: Unit | D11: Estimated | G11: Valuated | J11: Difference | K11: Remarks
D12: Quantity | E12: Rate | F12: Amount | G12: Quantity | H12: Rate | I12: Amount
A13: ='total slope'!A9 -> 1 | B13: ='total slope'!B9 -> g/d k|sf/sf] Sn] / l;N6L df6f]df ;j} lsl;dsf] vGg] sfd | C13: ='total slope'!H11 -> cum | D13: ='total slope'!G11 -> 0.4215064 | E13: ='total slope'!I11 -> 674.12 | F13: =D13*E13 -> 284.1459 | G13: =V!G11 -> 0 | H13: =V!I11 -> 674.12 | I13: =G13*H13 -> 0 | J13: =I13-F13 -> -284.1459 | M13: =1.25*F13 -> 355.18237
A15: ='total slope'!A13 -> 2 | B15: ='total slope'!B13 -> ;'Vvf O{6f RofK6f] 5fKg] sfd | C15: ='total slope'!H15 -> sqm | D15: ='total slope'!G15 -> 2.8100427 | E15: ='total slope'!I15 -> 1017.47 | F15: =D15*E15 -> 2859.1341 | G15: =V!G15 -> 0 | H15: =V!I15 -> 1017.47 | I15: =G15*H15 -> 0 | J15: =I15-F15 -> -2859.1341 | M15: =1.25*F15 -> 3573.9177
B16: ='total slope'!B16 -> -13% VAT for brick | F16: ='total slope'!J16 -> 232.36721 | I16: =V!J16 -> 0 | J16: =I16-F16 -> -232.36721
B17: ='total slope'!B17 -> -13% VAT for sand | F17: ='total slope'!J17 -> 82.423891 | I17: =V!J17 -> 0 | J17: =I17-F17 -> -82.423891
A19: ='total slope'!A19 -> 3 | B19: ='total slope'!B19 -> d]lzgsf] k|of]u u/L hu leQf kvf{ndf l;d]G6 s+lqm6 ug]{ sfd -!M@M$_ | C19: ='total slope'!H23 -> cum | D19: ='total slope'!G23 -> 0.8090445 | E19: ='total slope'!I23 -> 12884.61 | F19: =D19*E19 -> 10424.223 | G19: =V!G23 -> 0 | H19: =V!I23 -> 12884.61 | I19: =G19*H19 -> 0 | J19: =I19-F19 -> -10424.223 | M19: =1.25*F19 -> 13030.279
B20: ='total slope'!B24 -> -13% VAT for cement | F20: ='total slope'!J24 -> 438.57461 | I20: =V!J24 -> 0 | J20: =I20-F20 -> -438.57461 | M20: =1.25*F20 -> 548.21826
B21: ='total slope'!B25 -> -13% VAT for aggregate | F21: ='total slope'!J25 -> 290.22837 | I21: =V!J25 -> 0 | J21: =I21-F21 -> -290.22837
B22: ='total slope'!B26 -> -13% VAT for sand | F22: ='total slope'!J26 -> 148.73539 | I22: =V!J26 -> 0 | J22: =I22-F22 -> -148.73539
B23: ='total slope'!B27 -> -13% VAT for water | F23: ='total slope'!J27 -> 3.8283986 | I23: =V!J27 -> 0 | J23: =I23-F23 -> -3.8283986
B24: ='total slope'!B28 -> -13% VAT for diesel | F24: ='total slope'!J28 -> 41.325669 | I24: =V!J28 -> 0 | J24: =I24-F24 -> -41.325669
B25: ='total slope'!B29 -> -13% VAT for petrol | F25: ='total slope'!J29 -> 1.4882374 | I25: =V!J29 -> 0 | J25: =I25-F25 -> -1.4882374
A27: ='total slope'!A31 -> 4 | B27: ='total slope'!B31 -> d]lzgsf] k|of]u u/L ;'k/ :6«Sr/df l;d]G6 s+lqm6 ug]{ sfd -!M!=%M#_ | C27: ='total slope'!H39 -> cum | D27: ='total slope'!G39 -> 4.4914971 | E27: ='total slope'!I39 -> 13957.29 | F27: =D27*E27 -> 62689.127 | G27: =V!G42 -> 5.4160946 | H27: =V!I42 -> 13957.29 | I27: =G27*H27 -> 75594.003 | J27: =I27-F27 -> 12904.876 | M27: =1.25*F27 -> 78361.409
B28: ='total slope'!B40 -> -13% VAT for cement | F28: ='total slope'!J40 -> 3043.4923 | I28: =V!J43 -> 3670.0107 | J28: =I28-F28 -> 626.5184 | M28: =1.25*F28 -> 3804.3654
B29: ='total slope'!B41 -> -13% VAT for aggregate | F29: ='total slope'!J41 -> 1654.5355 | I29: =V!J44 -> 1995.13 | J29: =I29-F29 -> 340.59455
B30: ='total slope'!B42 -> -13% VAT for sand | F30: ='total slope'!J42 -> 788.60807 | I30: =V!J45 -> 950.94706 | J30: =I30-F30 -> 162.33899
B31: ='total slope'!B43 -> -13% VAT for water | F31: ='total slope'!J43 -> 32.698099 | I31: =V!J46 -> 39.429169 | J31: =I31-F31 -> 6.7310702
B32: ='total slope'!B44 -> -13% VAT for diesel | F32: ='total slope'!J44 -> 229.42387 | I32: =V!J47 -> 276.65195 | J32: =I32-F32 -> 47.228073
B33: ='total slope'!B45 -> -13% VAT for petrol | F33: ='total slope'!J45 -> 8.2621088 | I33: =V!J48 -> 9.962906 | J33: =I33-F33 -> 1.7007972
A35: ='total slope'!A47 -> 5 | B35: ='total slope'!B47 -> kmnfd]sf] kfOk / KnfOaf]8{af6 kmdf{ agfpg] sfd | C35: ='total slope'!H55 -> sqm | D35: ='total slope'!G55 -> 50.578396 | E35: ='total slope'!I55 -> 922.71 | F35: =D35*E35 -> 46669.192 | G35: =V!G62 -> 64.794743 | H35: =V!I62 -> 922.71 | I35: =G35*H35 -> 59786.757 | J35: =I35-F35 -> 13117.566 | M35: =1.25*F35 -> 58336.49
B36: ='total slope'!B56 -> -13% VAT for plyboard | F36: ='total slope'!J56 -> 1319.1162 | I36: =V!J63 -> 1689.8875 | J36: =I36-F36 -> 370.77123 | M36: =1.25*F36 -> 1648.8953
B37: ='total slope'!B57 -> -13% VAT for wood | F37: ='total slope'!J57 -> 876.35796 | I37: =V!J64 -> 1122.6807 | J37: =I37-F37 -> 246.32273
B38: ='total slope'!B58 -> -13% VAT for iron props | F38: ='total slope'!J58 -> 666.56661 | I38: =V!J65 -> 853.92214 | J38: =I38-F38 -> 187.35553
B39: ='total slope'!B59 -> -13% VAT for nails | F39: ='total slope'!J59 -> 216.98132 | I39: =V!J66 -> 277.96945 | J39: =I39-F39 -> 60.988128
A41: ='total slope'!A61 -> 6 | B41: ='total slope'!B61 -> cf/=;L=;L= nflu kmnfd] 808L sf6\g], df]8\g] #) dL6/ ;Dd | C41: ='total slope'!H79 -> MT | D41: ='total slope'!G79 -> 0.45424961 | E41: ='total slope'!I79 -> 132360 | F41: =D41*E41 -> 60124.479 | G41: =V!G93 -> 0.56765163 | H41: =V!I93 -> 132360 | I41: =G41*H41 -> 75134.37 | J41: =I41-F41 -> 15009.891 | M41: =1.25*F41 -> 75155.599
B42: ='total slope'!B80 -> -13% VAT for TMT rod | F42: ='total slope'!J80 -> 6200.5072 | I42: =V!J94 -> 7748.4448 | J42: =I42-F42 -> 1547.9376 | M42: =1.25*F42 -> 7750.634
B43: ='total slope'!B81 -> -13% VAT for binding wire | F43: ='total slope'!J81 -> 70.86294 | I43: =V!J95 -> 88.553655 | J43: =I43-F43 -> 17.690715
A45: ='total slope'!A83 -> 7 | B45: ='total slope'!B83 -> l;d]G6 s+qmL6 ˆnf]l/Ë -!M@M$_ -#* dL=dL=_ | C45: ='total slope'!H86 -> sqm | D45: ='total slope'!G86 -> 18.104237 | E45: ='total slope'!I86 -> 689.98 | F45: =D45*E45 -> 12491.561 | G45: =V!G100 -> 0 | H45: =V!I100 -> 689.98 | I45: =G45*H45 -> 0 | J45: =I45-F45 -> -12491.561 | M45: =1.25*F45 -> 15614.451
B46: ='total slope'!B87 -> -13% VAT for cement | F46: ='total slope'!J87 -> 398.69856 | I46: =V!J101 -> 0 | J46: =I46-F46 -> -398.69856 | M46: =1.25*F46 -> 498.3732
B47: ='total slope'!B88 -> -13% VAT for sand | F47: ='total slope'!J88 -> 111.0923 | I47: =V!J102 -> 0 | J47: =I47-F47 -> -111.0923
B48: ='total slope'!B89 -> -13% VAT for aggregate | F48: ='total slope'!J89 -> 284.21479 | I48: =V!J103 -> 0 | J48: =I48-F48 -> -284.21479
A50: ='total slope'!A91 -> 8 | B50: ='total slope'!B91 -> !^ dL=dL=u|]gfO{6, @) dL dL afSnf] !M@ efusf] l;d]G6 d;nfdf 5fkL 3f]6\g] / kflnz ;d]t ug]{ | C50: ='total slope'!H93 -> sqm | D50: ='total slope'!G93 -> 11.472708 | E50: ='total slope'!I93 -> 6851.63 | F50: =D50*E50 -> 78606.748 | G50: =V!G107 -> 0 | H50: =V!I107 -> 6851.63 | I50: =G50*H50 -> 0 | J50: =I50-F50 -> -78606.748 | M50: =1.25*F50 -> 98258.435
B51: ='total slope'!B94 -> -13% VAT for cement | F51: ='total slope'!J94 -> 252.65644 | I51: =V!J108 -> 0 | J51: =I51-F51 -> -252.65644 | M51: =1.25*F51 -> 315.82055
B52: ='total slope'!B95 -> -13% VAT for sand | F52: ='total slope'!J95 -> 86.73539 | I52: =V!J109 -> 0 | J52: =I52-F52 -> -86.73539
B53: ='total slope'!B96 -> -13% VAT for 16mm granite | F53: ='total slope'!J96 -> 6460.9342 | I53: =V!J110 -> 0 | J53: =I53-F53 -> -6460.9342
B54: -13% VAT for cShflns Pl;8 | F54: ='total slope'!J97 -> 6.8979655 | I54: =V!J111 -> 0 | J54: =I54-F54 -> -6.8979655
B55: -13% VAT for d}g kflnz | F55: ='total slope'!J98 -> 6.4579871 | I55: =V!J112 -> 0 | J55: =I55-F55 -> -6.4579871
B56: -13% VAT for tf/k]G6fOg | F56: ='total slope'!J99 -> 17.731873 | I56: =V!J113 -> 0 | J56: =I56-F56 -> -17.731873
B57: -13% VAT for sfaf]{/08d 9'ª\uf | F57: ='total slope'!J100 -> 17.897424 | I57: =V!J114 -> 0 | J57: =I57-F57 -> -17.897424
A59: ='total slope'!A102 -> 9 | B59: ='total slope'!B102 -> # dL=dL= df]6fO{ d;Lgf] l;d]G6 3f]6\g] sfd | C59: ='total slope'!H110 -> sqm | D59: ='total slope'!G110 -> 25.329193 | E59: ='total slope'!I110 -> 287.32 | F59: =D59*E59 -> 7277.5837 | G59: =V!G124 -> 0 | H59: =V!I124 -> 287.32 | I59: =G59*H59 -> 0 | J59: =I59-F59 -> -7277.5837 | M59: =1.25*F59 -> 9096.9796
B60: ='total slope'!B111 -> -13% VAT for cement | F60: ='total slope'!J111 -> 228.26973 | I60: =V!J125 -> 0 | J60: =I60-F60 -> -228.26973 | M60: =1.25*F60 -> 285.33716
A62: ='total slope'!A113 -> 10 | B62: ='total slope'!B113 -> e'O{+tNnfdf lrDgL e§fsf] O{+6fsf] uf/f] l;d]G6 d;nf -!M^_ df | C62: ='total slope'!H121 -> cum | D62: ='total slope'!G121 -> 8.6584643 | E62: ='total slope'!I121 -> 14491.84 | F62: =D62*E62 -> 125477.08 | G62: =V!G135 -> 6.4716624 | H62: =V!I135 -> 14491.84 | I62: =G62*H62 -> 93786.296 | J62: =I62-F62 -> -31690.783 | M62: =1.25*F62 -> 156846.35
B63: ='total slope'!B122 -> -13% VAT for brick | F63: ='total slope'!J122 -> 9546.4417 | I63: =V!J136 -> 7135.3702 | J63: =I63-F63 -> -2411.0715 | M63: =1.25*F63 -> 11933.052
B64: ='total slope'!B123 -> -13% VAT for cement | F64: ='total slope'!J123 -> 1026.7389 | I64: =V!J137 -> 767.42332 | J64: =I64-F64 -> -259.31556
B65: ='total slope'!B124 -> -13% VAT for sanda | F65: ='total slope'!J124 -> 1073.1136 | I65: =V!J138 -> 802.08554 | J65: =I65-F65 -> -271.02807
B66: ='total slope'!B125 -> -13% VAT for water | F66: ='total slope'!J125 -> 31.51681 | I66: =V!J139 -> 23.556851 | J66: =I66-F66 -> -7.9599588
A68: ='total slope'!A127 -> 11 | B68: ='total slope'!B127 -> !@=% dL=dL= l;d]G6 afn'jf -!M$_ Knfi6/ | C68: ='total slope'!H138 -> sqm | D68: ='total slope'!G138 -> 102.1142 | E68: ='total slope'!I138 -> 415.5 | F68: =D68*E68 -> 42428.45 | G68: =V!G152 -> 73.61464 | H68: =V!I152 -> 415.5 | I68: =G68*H68 -> 30586.883 | J68: =I68-F68 -> -11841.567 | M68: =1.25*F68 -> 53035.562
B69: ='total slope'!B139 -> -13% VAT for cement | F69: ='total slope'!J139 -> 930.65564 | I69: =V!J153 -> 670.91433 | J69: =I69-F69 -> -259.74131 | M69: =1.25*F69 -> 1163.3196
B70: ='total slope'!B140 -> -13% VAT for sand | F70: ='total slope'!J140 -> 615.91701 | I70: =V!J154 -> 444.01767 | J70: =I70-F70 -> -171.89934
A72: ='total slope'!A142 -> 12 | B72: kf]/l;lng Un]H8 6fO{n(Ordinary floor and Wall Tile-as per approved standard of manufactured country) !M$ l;d]G6 afn'jfdf 5fKg] sfd . | C72: ='total slope'!H145 -> sqm | D72: ='total slope'!G145 -> 12.972156 | E72: ='total slope'!I145 -> 2845.18 | F72: =D72*E72 -> 36908.118 | G72: =V!G159 -> 0 | H72: =V!I159 -> 2845.18 | I72: =G72*H72 -> 0 | J72: =I72-F72 -> -36908.118 | M72: =1.25*F72 -> 46135.147
B73: ='total slope'!B146 -> -13% VAT for cement | F73: ='total slope'!J146 -> 123.06023 | I73: =V!J160 -> 0 | J73: =I73-F73 -> -123.06023 | M73: =1.25*F73 -> 153.82528
B74: ='total slope'!B147 -> -13% VAT for sand | F74: ='total slope'!J147 -> 81.458911 | I74: =V!J161 -> 0 | J74: =I74-F74 -> -81.458911
B75: ='total slope'!B148 -> -13% VAT for white cement | F75: ='total slope'!J148 -> 16.873921 | I75: =V!J162 -> 0 | J75: =I75-F75 -> -16.873921
B76: ='total slope'!B149 -> -13% VAT for porcelain glazed tile | F76: ='total slope'!J149 -> 1137.7198 | I76: =V!J163 -> 0 | J76: =I76-F76 -> -1137.7198
A78: ='total slope'!A151 -> 13 | B78: ='total slope'!B151 -> Ps sf]6 k|fO{d/ ;lxt b'O{ sf]6 j]b/sf]6 k]G6 ug]{ sfd | C78: ='total slope'!H153 -> sqm | D78: ='total slope'!G153 -> 97.699286 | E78: ='total slope'!I153 -> 253.8 | F78: =D78*E78 -> 24796.079 | G78: =V!G167 -> 73.61464 | H78: =V!I167 -> 253.8 | I78: =G78*H78 -> 18683.396 | J78: =I78-F78 -> -6112.6832 | M78: =1.25*F78 -> 30995.098
B79: ='total slope'!B154 -> -13% VAT for aster | F79: ='total slope'!J154 -> 292.6289 | I79: =V!J168 -> 220.49057 | J79: =I79-F79 -> -72.138332 | M79: =1.25*F79 -> 365.78613
B80: ='total slope'!B155 -> -13% VAT for weather coat | F80: ='total slope'!J155 -> 1324.9586 | I80: =V!J169 -> 998.3323 | J80: =I80-F80 -> -326.62634
A82: ='total slope'!A157 -> 14 | B82: ='total slope'!B157 -> Knfi6/ dfly @) dL=dL= afSnf] emNn/ jf kfgL k§L agfpg] sfd | C82: ='total slope'!H159 -> rm | D82: ='total slope'!G159 -> 20.420603 | E82: ='total slope'!I159 -> 144.41 | F82: =D82*E82 -> 2948.9393 | G82: =V!G173 -> 0 | H82: =V!I173 -> 144.41 | I82: =G82*H82 -> 0 | J82: =I82-F82 -> -2948.9393 | M82: =1.25*F82 -> 3686.1742
B83: ='total slope'!B160 -> -13% VAT for cement | F83: ='total slope'!J160 -> 242.13322 | I83: =V!J174 -> 0 | J83: =I83-F83 -> -242.13322 | M83: =1.25*F83 -> 302.66653
B84: ='total slope'!B161 -> -13% VAT for sand | F84: ='total slope'!J161 -> 33.740963 | I84: =V!J175 -> 0 | J84: =I84-F84 -> -33.740963
B85: ='total slope'!B162 -> -13% VAT for water proofing | F85: ='total slope'!J162 -> 0.053093569 | I85: =V!J176 -> 0 | J85: =I85-F85 -> -0.053093569
A87: ='total slope'!A164 -> 15 | B87: ='total slope'!B164 -> cu|fv sf7sf] rf}s; agfO hf]8\g] sfd | C87: ='total slope'!H167 -> cum | D87: ='total slope'!G167 -> 0.071815757 | E87: ='total slope'!I167 -> 284731.83 | F87: =D87*E87 -> 20448.232 | G87: =V!G187 -> 0 | H87: =V!I187 -> 37363.64 | I87: =G87*H87 -> 0 | J87: =I87-F87 -> -20448.232 | M87: =1.25*F87 -> 25560.29
B88: ='total slope'!B168 -> -13% VAT for salwood | F88: ='total slope'!J168 -> 2233.3959 | I88: =V!J188 -> 0 | J88: =I88-F88 -> -2233.3959 | M88: =1.25*F88 -> 2791.7449
A90: ='total slope'!A176 -> 17 | B90: ='total slope'!B176 -> 20mm GI pipe threaded-Medium class | C90: ='total slope'!H178 -> rm | D90: ='total slope'!G178 -> 1.2 | E90: ='total slope'!I178 -> 248 | F90: =D90*E90 -> 297.6 | G90: =V!G192 -> 0 | H90: =V!I192 -> 248 | I90: =G90*H90 -> 0 | J90: =I90-F90 -> -297.6 | M90: =1.25*F90 -> 372
B91: ='total slope'!B179 -> -13% VAT | F91: ='total slope'!J179 -> 38.688 | I91: =V!J193 -> 0 | J91: =I91-F91 -> -38.688 | M91: =1.25*F91 -> 48.36
A93: ='total slope'!A181 -> 18 | B93: ='total slope'!B181 -> ljleGg ;fO{hsf] kmnfd] PËn km]lj|s]zg u/L k|fOd/ k]G6 ;lxt ug]{ sfd | C93: ='total slope'!H184 -> Kg | D93: ='total slope'!G184 -> 160.30227 | E93: ='total slope'!I184 -> 182.51 | F93: =D93*E93 -> 29256.767 | G93: =V!G198 -> 0 | H93: =V!I198 -> 182.51 | I93: =G93*H93 -> 0 | J93: =I93-F93 -> -29256.767 | M93: =1.25*F93 -> 36570.959
B94: ='total slope'!B185 -> -13% VAT for any kind of angles and MS black pipes | F94: ='total slope'!J185 -> 1938.0544 | I94: =V!J199 -> 0 | J94: =I94-F94 -> -1938.0544 | M94: =1.25*F94 -> 2422.5681
B95: ='total slope'!B186 -> -13% VAT for primer | F95: ='total slope'!J186 -> 121.03075 | I95: =V!J200 -> 0 | J95: =I95-F95 -> -121.03075
A97: ='total slope'!A188 -> 19 | B97: ='total slope'!B188 -> Provisional sum for unforseen works | C97: ='total slope'!H188 -> PS | D97: ='total slope'!G188 -> 1 | E97: ='total slope'!I188 -> 5000 | F97: =D97*E97 -> 5000 | G97: =V!G202 -> 0 | H97: =V!I202 -> 5000 | I97: =G97*H97 -> 0 | J97: =I97-F97 -> -5000 | M97: =1.25*F97 -> 6250
A99: ='total slope'!A190 -> 20 | B99: ='total slope'!B190 -> Information board (सुचना पाटि) | C99: ='total slope'!H190 -> no. | D99: ='total slope'!G190 -> 1 | E99: ='total slope'!I190 -> 1000 | F99: =D99*E99 -> 1000 | G99: =V!G204 -> 0 | H99: =V!I204 -> 1000 | I99: =G99*H99 -> 0 | J99: =I99-F99 -> -1000
B101: Total | F101: =SUM(F13:F99) -> 615013.61 | I101: =SUM(I13:I99) -> 383357.49 | J101: =I101-F101 -> -231656.12 | O101: =I101/F101 -> 0.62333171

Sheet V
A1: Government of Nepal
A2: Shankharapur Municipality Office
A3: Bagmati Province
A4: Sankhu, Kathmandu
A5: Detail Valuated Sheet
A6: Project:- k~rkfn] led;]g dlGb/ cw'/f] | H6: F.Y.: 2082/2083
A7: Location:- Shankharapur Municipality 1 | H7: Date: 2083/06/20
A8: S.N. | B8: Description of work | C8: No. | D8: Length | E8: Breadth | F8: Height | G8: Quantity | H8: Unit | I8: Rate | J8: Amount | K8: Remark | M8: Water tap size
A9: 1 | B9: g/d k|sf/sf] Sn] / l;N6L df6f]df ;j} lsl;dsf] vGg] sfd | M9: length | N9: Breadth | O9: thickness | P9: Height 1 | Q9: Height 2 | R9: Width of stand tap
B10: -for stand tap | C10: 0 | D10: =5.5/3.281 -> 1.6763182 | E10: =5.5/3.281 -> 1.6763182 | F10: 0.15 | G10: =PRODUCT(C10:F10) -> 0 | M10: =5.5/3.281 -> 1.6763182 | N10: =5.5/3.281 -> 1.6763182 | O10: 0.23 | P10: =TRUNC(2/3.281,1) -> 0.6 | Q10: =TRUNC(4/3.281,1) -> 1.2 | R10: =1.17/3.281 -> 0.3565986
B11: Sub-total | G11: =SUM(G10) -> 0 | H11: cum | I11: 674.12 | J11: =G11*I11 -> 0
A13: 2 | B13: ;'Vvf O{6f RofK6f] 5fKg] sfd
B14: =B10 -> -for stand tap | C14: =C10 -> 0 | D14: =D10 -> 1.6763182 | E14: =E10 -> 1.6763182 | G14: =PRODUCT(C14:F14) -> 0
B15: Sub-total | G15: =SUM(G14) -> 0 | H15: sqm | I15: 1017.47 | J15: =G15*I15 -> 0
B16: -13% VAT for brick | J16: =0.13*G15*6360.9/10 -> 0
B17: -13% VAT for sand | J17: =0.13*G15*2256.3/10 -> 0
A19: 3 | B19: d]lzgsf] k|of]u u/L hu leQf kvf{ndf l;d]G6 s+lqm6 ug]{ sfd -!M@M$_
B20: -for lintel | C20: 0 | D20: =15/3.281 -> 4.5717769 | E20: 0.35 | F20: 0.1 | G20: =PRODUCT(C20:F20) -> 0
C21: 0 | D21: =9.75/3.281 -> 2.971655 | E21: 0.35 | F21: 0.1 | G21: =PRODUCT(C21:F21) -> 0
B22: =B14 -> -for stand tap | C22: =C14 -> 0 | D22: =D14 -> 1.6763182 | E22: =E14 -> 1.6763182 | F22: 0.1 | G22: =PRODUCT(C22:F22) -> 0
B23: Sub-total | G23: =SUM(G20:G22) -> 0 | H23: cum | I23: 12884.61 | J23: =G23*I23 -> 0
B24: -13% VAT for cement | J24: =0.13*G23*4169.92 -> 0
B25: -13% VAT for aggregate | J25: =0.13*G23*(1652.5+1106.96) -> 0
B26: -13% VAT for sand | J26: =0.13*G23*1414.16 -> 0
B27: -13% VAT for water | J27: =0.13*G23*36.4 -> 0
B28: -13% VAT for water | J28: =0.13*G23*392.92 -> 0
B29: -13% VAT for water | J29: =0.13*G23*14.15 -> 0
A31: 4 | B31: d]lzgsf] k|of]u u/L ;'k/ :6«Sr/df l;d]G6 s+lqm6 ug]{ sfd -!M!=%M#_
B32: -beam | C32: 2 | D32: =15/3.281 -> 4.5717769 | E32: 0.23 | F32: 0.3 | G32: =PRODUCT(C32:F32) -> 0.63090521
C33: 2 | D33: =(12-1.17*2)/3.281 -> 2.9442243 | E33: 0.23 | F33: 0.3 | G33: =PRODUCT(C33:F33) -> 0.40630296
C34: 2 | D34: =(12-1.17*2)/3.281 -> 2.9442243 | E34: 0.23 | F34: 0.3 | G34: =PRODUCT(C34:F34) -> 0.40630296
B35: -upper beam | C35: 2 | D35: =(3+1.5)/3.281 -> 1.3715331 | E35: 0.23 | F35: 0.23 | G35: =PRODUCT(C35:F35) -> 0.1451082
C36: 2 | D36: =39/12/3.281 -> 0.99055166 | E36: 0.23 | F36: 0.23 | G36: =PRODUCT(C36:F36) -> 0.10480037
B37: -slab | C37: 2 | D37: =((16.75+4.5)/2)/3.281 -> 3.238342 | E37: =((8.333+7.75)/2/3.281) -> 2.4509296 | F37: 0.075 | G37: =PRODUCT(C37:F37) -> 1.1905422 | M37: =((7*12+8.5+8*12+4.5)/2)/12/3.281 -> 2.4509804 | N37: =CONVERT(M37,"m","ft") -> 8.0412743 | O37: =16.083/2/3.281 -> 2.4509296
C38: 2 | D38: =(4.75+19.5)/2/3.281 -> 3.6955197 | E38: =7/3.281 -> 2.1334959 | F38: 0.075 | G38: =PRODUCT(C38:F38) -> 1.1826564 | M38: =(4.75+19.5)/2/3.281 -> 3.6955197 | N38: =CONVERT(M38,"m","ft") -> 12.124408
B39: -column | C39: 4 | D39: 0.23 | E39: 0.23 | F39: =(4/3.281) -> 1.2191405 | G39: =PRODUCT(C39:F39) -> 0.25797013
B40: -cantilever | C40: 2 | D40: 6 | E40: =28/12/3.281 -> 0.7111653 | F40: 0.075 | G40: =PRODUCT(C40:F40) -> 0.64004877
C41: 2 | D41: =5.1-(28/12/3.281) -> 4.3888347 | E41: =27/12/3.281 -> 0.68576653 | F41: 0.075 | G41: =PRODUCT(C41:F41) -> 0.45145739
B42: Sub-total | G42: =SUM(G32:G41) -> 5.4160946 | H42: cum | I42: 13957.29 | J42: =G42*I42 -> 75594.003
B43: -13% VAT for cement | J43: =0.13*G42*5212.4 -> 3670.0107
B44: -13% VAT for aggregate | J44: =0.13*G42*(1912.03+921.59) -> 1995.13
B45: -13% VAT for sand | J45: =0.13*G42*1350.6 -> 950.94706
B46: -13% VAT for water | J46: =0.13*G42*56 -> 39.429169
B47: -13% VAT for diesel | J47: =0.13*G42*392.92 -> 276.65195
B48: -13% VAT for petrol | J48: =0.13*G42*14.15 -> 9.962906
A50: 5 | B50: kmnfd]sf] kfOk / KnfOaf]8{af6 kmdf{ agfpg] sfd
B51: =B32 -> -beam | C51: =C32 -> 2 | D51: =D32 -> 4.5717769 | F51: =F32*2 -> 0.6 | G51: =PRODUCT(C51:F51) -> 5.4861323
C52: =C33 -> 2 | D52: =D33 -> 2.9442243 | F52: =F33*2 -> 0.6 | G52: =PRODUCT(C52:F52) -> 3.5330692
C53: =C34 -> 2 | D53: =D34 -> 2.9442243 | F53: =F34*2 -> 0.6 | G53: =PRODUCT(C53:F53) -> 3.5330692
B54: =B35 -> -upper beam | C54: =C35 -> 2 | D54: =D35 -> 1.3715331 | F54: =F35*2 -> 0.46 | G54: =PRODUCT(C54:F54) -> 1.2618104
C55: =C36 -> 2 | D55: =D36 -> 0.99055166 | F55: =F36*2 -> 0.46 | G55: =PRODUCT(C55:F55) -> 0.91130753
C56: 1 | D56: =(3.25*2+3*2)/3.281 -> 3.8098141 | F56: 0.23 | G56: =PRODUCT(C56:F56) -> 0.87625724
B57: =B37 -> -slab | C57: =C37 -> 2 | D57: =D37 -> 3.238342 | E57: =7.667/3.281 -> 2.3367876 | G57: =PRODUCT(C57:F57) -> 15.134634
C58: =C38 -> 2 | D58: =D38 -> 3.6955197 | E58: =6.667/3.281 -> 2.0320024 | G58: =PRODUCT(C58:F58) -> 15.01861
B59: =B39 -> -column | C59: =C39 -> 4 | D59: =0.23*4 -> 0.92 | F59: =F39 -> 1.2191405 | G59: =PRODUCT(C59:F59) -> 4.4864371
B60: =B40 -> -cantilever | C60: =C40 -> 2 | D60: =D40 -> 6 | E60: =E40 -> 0.7111653 | G60: =PRODUCT(C60:F60) -> 8.5339835
C61: =C41 -> 2 | D61: =D41 -> 4.3888347 | E61: =E41 -> 0.68576653 | G61: =PRODUCT(C61:F61) -> 6.0194319
B62: Sub-total | G62: =SUM(G51:G61) -> 64.794743 | H62: sqm | I62: 922.71 | J62: =G62*I62 -> 59786.757
B63: -13% VAT for plyboard | J63: =0.13*G62*20062.02/100 -> 1689.8875
B64: -13% VAT for wood | J64: =0.13*G62*13328.25/100 -> 1122.6807
B65: -13% VAT for iron props | J65: =0.13*G62*10137.6/100 -> 853.92214
B66: -13% VAT for nails | J66: =0.13*G62*3300/100 -> 277.96945
A68: 6 | B68: cf/=;L=;L= nflu kmnfd] 808L sf6\g], df]8\g] #) dL6/ ;Dd | C68: No. | D68: Length (m) | E68: Unit Weight (Kg/m) | F68: Total Weight (Kg)
B69: =B32 -> -beam | C69: =2*2 -> 4 | D69: =5.9+0.23 -> 6.13 | E69: =12*12/162 -> 0.88888889 | F69: =PRODUCT(C69:E69) -> 21.795556 | G69: =F69/1000 -> 0.021795556 | M69: =5.9*3.281 -> 19.3579
C70: =2*2 -> 4 | D70: =14.833/3.281 -> 4.5208778 | E70: =12*12/162 -> 0.88888889 | F70: =PRODUCT(C70:E70) -> 16.074232 | G70: =F70/1000 -> 0.016074232
B71: -stirrups | C71: =35*2 -> 70 | D71: =((0.583*4)+0.17*2)/3.281 -> 0.81438586 | E71: =8*8/162 -> 0.39506173 | F71: =PRODUCT(C71:E71) -> 22.521288 | G71: =F71/1000 -> 0.022521288
B72: =B51 -> -beam | C72: =4*2 -> 8 | D72: =5 -> 5 | E72: =12*12/162 -> 0.88888889 | F72: =PRODUCT(C72:E72) -> 35.555556 | G72: =F72/1000 -> 0.035555556
C73: =4*2 -> 8 | D73: =11.667/3.281 -> 3.5559281 | E73: =12*12/162 -> 0.88888889 | F73: =PRODUCT(C73:E73) -> 25.2866 | G73: =F73/1000 -> 0.0252866
B74: -stirrups | C74: =4*14 -> 56 | D74: =((0.583*4)+0.17*2)/3.281 -> 0.81438586 | E74: =8*8/162 -> 0.39506173 | F74: =PRODUCT(C74:E74) -> 18.01703 | G74: =F74/1000 -> 0.01801703
B75: =B54 -> -upper beam | C75: =2*4 -> 8 | D75: =((4.5-0.333)+0.75*2)/3.281 -> 1.7272173 | E75: =12*12/162 -> 0.88888889 | F75: =PRODUCT(C75:E75) -> 12.282434 | G75: =F75/1000 -> 0.012282434
B76: -stirrups | C76: =10*2 -> 20 | D76: =((0.583*4)+0.17*2)/3.281 -> 0.81438586 | E76: =8*8/162 -> 0.39506173 | F76: =PRODUCT(C76:E76) -> 6.4346537 | G76: =F76/1000 -> 0.0064346537
B77: =B35 -> -upper beam | C77: =2*4 -> 8 | D77: =((4.75-0.333)+0.75*2)/3.281 -> 1.8034136 | E77: =12*12/162 -> 0.88888889 | F77: =PRODUCT(C77:E77) -> 12.824274 | G77: =F77/1000 -> 0.012824274
B78: -stirrups | C78: =10*2 -> 20 | D78: =((0.583*4)+0.17*2)/3.281 -> 0.81438586 | E78: =8*8/162 -> 0.39506173 | F78: =PRODUCT(C78:E78) -> 6.4346537 | G78: =F78/1000 -> 0.0064346537
B79: -column | C79: =4*4 -> 16 | D79: =7.25/3.281 -> 2.2096922 | E79: =12*12/162 -> 0.88888889 | F79: =PRODUCT(C79:E79) -> 31.426733 | G79: =F79/1000 -> 0.031426733
B80: -stirrups | C80: =4*10 -> 40 | D80: =(6*4+2*2)/12/3.281 -> 0.7111653 | E80: =8*8/162 -> 0.39506173 | F80: =PRODUCT(C80:E80) -> 11.238168 | G80: =F80/1000 -> 0.011238168
B81: =CONCATENATE("-at first floor level catilever", B57) -> -at first floor level catilever-slab | C81: =2*4 -> 8 | D81: =(191+30+30)/12/3.281 -> 6.3750889 | E81: =10*10/162 -> 0.61728395 | F81: =PRODUCT(C81:E81) -> 31.48192 | G81: =F81/1000 -> 0.03148192
C82: =2*3 -> 6 | D82: =19.667/3.281 -> 5.9942091 | E82: =10*10/162 -> 0.61728395 | F82: =PRODUCT(C82:E82) -> 22.200774 | G82: =F82/1000 -> 0.022200774
C83: =24*2 -> 48 | D83: =(2+30+35)/12/3.281 -> 1.701717 | E83: =10*10/162 -> 0.61728395 | F83: =PRODUCT(C83:E83) -> 50.421243 | G83: =F83/1000 -> 0.050421243
C84: =23*2 -> 46 | D84: =(30+2)/12/3.281 -> 0.81276034 | E84: =10*10/162 -> 0.61728395 | F84: =PRODUCT(C84:E84) -> 23.07838 | G84: =F84/1000 -> 0.02307838
C85: =3*2 -> 6 | D85: =16.833/3.281 -> 5.130448 | E85: =10*10/162 -> 0.61728395 | F85: =PRODUCT(C85:E85) -> 19.001659 | G85: =F85/1000 -> 0.019001659
C86: =4*2 -> 8 | D86: =(191+30+30)/12/3.281 -> 6.3750889 | E86: =10*10/162 -> 0.61728395 | F86: =PRODUCT(C86:E86) -> 31.48192 | G86: =F86/1000 -> 0.03148192
C87: =15*2 -> 30 | D87: =(37.5+2)/12/3.281 -> 1.003251 | E87: =10*10/162 -> 0.61728395 | F87: =PRODUCT(C87:E87) -> 18.578723 | G87: =F87/1000 -> 0.018578723
C88: =18*2 -> 36 | D88: =(24+24+4)/12/3.281 -> 1.3207355 | E88: =10*10/162 -> 0.61728395 | F88: =PRODUCT(C88:E88) -> 29.349679 | G88: =F88/1000 -> 0.029349679
B89: -at upper floor | C89: =10*4 -> 40 | D89: =E57 -> 2.3367876 | E89: =10*10/162 -> 0.61728395 | F89: =PRODUCT(C89:E89) -> 57.698458 | G89: =F89/1000 -> 0.057698458
C90: =9*4 -> 36 | D90: =E58 -> 2.0320024 | E90: =10*10/162 -> 0.61728395 | F90: =PRODUCT(C90:E90) -> 45.15561 | G90: =F90/1000 -> 0.04515561
C91: =7*2*2 -> 28 | D91: =1.833/3.281 -> 0.55867114 | E91: =10*10/162 -> 0.61728395 | F91: =PRODUCT(C91:E91) -> 9.6560443 | G91: =F91/1000 -> 0.0096560443
C92: =7*2*2 -> 28 | D92: =1.833/3.281 -> 0.55867114 | E92: =10*10/162 -> 0.61728395 | F92: =PRODUCT(C92:E92) -> 9.6560443 | G92: =F92/1000 -> 0.0096560443
B93: Sub-total | G93: =SUM(G69:G92) -> 0.56765163 | H93: MT | I93: 132360 | J93: =G93*I93 -> 75134.37
B94: -13% VAT for TMT rod | J94: =0.13*G93*105000 -> 7748.4448
B95: -13% VAT for binding wire | J95: =0.13*G93*1200 -> 88.553655
A97: 7 | B97: l;d]G6 s+qmL6 ˆnf]l/Ë -!M@M$_ -#* dL=dL=_
B98: -peti area | C98: =0*2 -> 0 | D98: =12/3.281 -> 3.6574215 | E98: 0.9 | G98: =PRODUCT(C98:F98) -> 0
C99: =0*2 -> 0 | D99: =21/3.281 -> 6.4004877 | E99: 0.9 | G99: =PRODUCT(C99:F99) -> 0
B100: Sub-total | G100: =SUM(G98:G99) -> 0 | H100: sqm | I100: 689.98 | J100: =G100*I100 -> 0
B101: -13% VAT for cement | J101: =0.13*G100*1694.03/10 -> 0
B102: -13% VAT for sand | J102: =0.13*G100*472.02/10 -> 0
B103: -13% VAT for aggregate | J103: =0.13*G100*1207.6/10 -> 0
A105: 8 | B105: !^ dL=dL=u|]gfO{6, @) dL dL afSnf] !M@ efusf] l;d]G6 d;nfdf 5fkL 3f]6\g] / kflnz ;d]t ug]{
B106: -flooring inside | C106: =0*1 -> 0 | D106: =12.667/3.281 -> 3.8607132 | E106: =9.75/3.281 -> 2.971655 | G106: =PRODUCT(C106:F106) -> 0
B107: Sub-total | G107: =SUM(G106) -> 0 | H107: sqm | I107: 6851.63 | J107: =G107*I107 -> 0
...

Sheet M
A1: Government of Nepal
A2: Shankharapur Municipality Office
A3: Bagmati Province
A4: Sankhu, Kathmandu
A5: Detail Quantity Measurement Sheet
A6: Project:- k~rkfn] led;]g dlGb/ cw'/f] | K6: F.Y.: 2082/2083
A7: Location:- Shankharapur Municipality 1 | K7: Date: 2083/06/20
A8: S.N. | B8: Description of work | C8: No. | D8: Length | E8: Breadth | F8: Height | G8: Quantity | H8: Unit | I8: Rate | J8: Amount | K8: Remark | M8: Water tap size
A9: 1 | B9: g/d k|sf/sf] Sn] / l;N6L df6f]df ;j} lsl;dsf] vGg] sfd | M9: length | N9: Breadth | O9: thickness | P9: Height 1 | Q9: Height 2 | R9: Width of stand tap
B10: -for stand tap | C10: 0 | D10: =5.5/3.281 -> 1.6763182 | E10: =5.5/3.281 -> 1.6763182 | F10: 0.15 | G10: =PRODUCT(C10:F10) -> 0 | M10: =5.5/3.281 -> 1.6763182 | N10: =5.5/3.281 -> 1.6763182 | O10: 0.23 | P10: =TRUNC(2/3.281,1) -> 0.6 | Q10: =TRUNC(4/3.281,1) -> 1.2 | R10: =1.17/3.281 -> 0.3565986
B11: Sub-total | G11: =SUM(G10) -> 0 | H11: cum | I11: 674.12 | J11: =G11*I11 -> 0
A13: 2 | B13: ;'Vvf O{6f RofK6f] 5fKg] sfd
B14: =B10 -> -for stand tap | C14: =C10 -> 0 | D14: =D10 -> 1.6763182 | E14: =E10 -> 1.6763182 | G14: =PRODUCT(C14:F14) -> 0
B15: Sub-total | G15: =SUM(G14) -> 0 | H15: sqm | I15: 1017.47 | J15: =G15*I15 -> 0
B16: -13% VAT for brick | J16: =0.13*G15*6360.9/10 -> 0
B17: -13% VAT for sand | J17: =0.13*G15*2256.3/10 -> 0
A19: 3 | B19: d]lzgsf] k|of]u u/L hu leQf kvf{ndf l;d]G6 s+lqm6 ug]{ sfd -!M@M$_
B20: -for lintel | C20: 0 | D20: =15/3.281 -> 4.5717769 | E20: 0.35 | F20: 0.1 | G20: =PRODUCT(C20:F20) -> 0
C21: 0 | D21: =9.75/3.281 -> 2.971655 | E21: 0.35 | F21: 0.1 | G21: =PRODUCT(C21:F21) -> 0
B22: =B14 -> -for stand tap | C22: =C14 -> 0 | D22: =D14 -> 1.6763182 | E22: =E14 -> 1.6763182 | F22: 0.1 | G22: =PRODUCT(C22:F22) -> 0
B23: Sub-total | G23: =SUM(G20:G22) -> 0 | H23: cum | I23: 12884.61 | J23: =G23*I23 -> 0
B24: -13% VAT for cement | J24: =0.13*G23*4169.92 -> 0
B25: -13% VAT for aggregate | J25: =0.13*G23*(1652.5+1106.96) -> 0
B26: -13% VAT for sand | J26: =0.13*G23*1414.16 -> 0
B27: -13% VAT for water | J27: =0.13*G23*36.4 -> 0
B28: -13% VAT for water | J28: =0.13*G23*392.92 -> 0
B29: -13% VAT for water | J29: =0.13*G23*14.15 -> 0
A31: 4 | B31: d]lzgsf] k|of]u u/L ;'k/ :6«Sr/df l;d]G6 s+lqm6 ug]{ sfd -!M!=%M#_
B32: -beam | C32: 2 | D32: =15/3.281 -> 4.5717769 | E32: 0.23 | F32: 0.3 | G32: =PRODUCT(C32:F32) -> 0.63090521
C33: 2 | D33: =(12-1.17*2)/3.281 -> 2.9442243 | E33: 0.23 | F33: 0.3 | G33: =PRODUCT(C33:F33) -> 0.40630296
C34: 2 | D34: =(12-1.17*2)/3.281 -> 2.9442243 | E34: 0.23 | F34: 0.3 | G34: =PRODUCT(C34:F34) -> 0.40630296
B35: -upper beam | C35: 2 | D35: =(3+1.5)/3.281 -> 1.3715331 | E35: 0.23 | F35: 0.23 | G35: =PRODUCT(C35:F35) -> 0.1451082
C36: 2 | D36: =39/12/3.281 -> 0.99055166 | E36: 0.23 | F36: 0.23 | G36: =PRODUCT(C36:F36) -> 0.10480037
B37: -slab | C37: 2 | D37: =((16.75+4.5)/2)/3.281 -> 3.238342 | E37: =((8.333+7.75)/2/3.281) -> 2.4509296 | F37: 0.075 | G37: =PRODUCT(C37:F37) -> 1.1905422 | M37: =((7*12+8.5+8*12+4.5)/2)/12/3.281 -> 2.4509804 | N37: =CONVERT(M37,"m","ft") -> 8.0412743 | O37: =16.083/2/3.281 -> 2.4509296
C38: 2 | D38: =(4.75+19.5)/2/3.281 -> 3.6955197 | E38: =7/3.281 -> 2.1334959 | F38: 0.075 | G38: =PRODUCT(C38:F38) -> 1.1826564 | M38: =(4.75+19.5)/2/3.281 -> 3.6955197 | N38: =CONVERT(M38,"m","ft") -> 12.124408
B39: -column | C39: 4 | D39: 0.23 | E39: 0.23 | F39: =(4/3.281) -> 1.2191405 | G39: =PRODUCT(C39:F39) -> 0.25797013
B40: -cantilever | C40: 2 | D40: 6 | E40: =28/12/3.281 -> 0.7111653 | F40: 0.075 | G40: =PRODUCT(C40:F40) -> 0.64004877
C41: 2 | D41: =5.1-(28/12/3.281) -> 4.3888347 | E41: =27/12/3.281 -> 0.68576653 | F41: 0.075 | G41: =PRODUCT(C41:F41) -> 0.45145739
B42: Sub-total | G42: =SUM(G32:G41) -> 5.4160946 | H42: cum | I42: 13957.29 | J42: =G42*I42 -> 75594.003
B43: -13% VAT for cement | J43: =0.13*G42*5212.4 -> 3670.0107
B44: -13% VAT for aggregate | J44: =0.13*G42*(1912.03+921.59) -> 1995.13
B45: -13% VAT for sand | J45: =0.13*G42*1350.6 -> 950.94706
B46: -13% VAT for water | J46: =0.13*G42*56 -> 39.429169
B47: -13% VAT for diesel | J47: =0.13*G42*392.92 -> 276.65195
B48: -13% VAT for petrol | J48: =0.13*G42*14.15 -> 9.962906
A50: 5 | B50: kmnfd]sf] kfOk / KnfOaf]8{af6 kmdf{ agfpg] sfd
B51: =B32 -> -beam | C51: =C32 -> 2 | D51: =D32 -> 4.5717769 | F51: =F32*2 -> 0.6 | G51: =PRODUCT(C51:F51) -> 5.4861323
C52: =C33 -> 2 | D52: =D33 -> 2.9442243 | F52: =F33*2 -> 0.6 | G52: =PRODUCT(C52:F52) -> 3.5330692
C53: =C34 -> 2 | D53: =D34 -> 2.9442243 | F53: =F34*2 -> 0.6 | G53: =PRODUCT(C53:F53) -> 3.5330692
B54: =B35 -> -upper beam | C54: =C35 -> 2 | D54: =D35 -> 1.3715331 | F54: =F35*2 -> 0.46 | G54: =PRODUCT(C54:F54) -> 1.2618104
C55: =C36 -> 2 | D55: =D36 -> 0.99055166 | F55: =F36*2 -> 0.46 | G55: =PRODUCT(C55:F55) -> 0.91130753
C56: 1 | D56: =(3.25*2+3*2)/3.281 -> 3.8098141 | F56: 0.23 | G56: =PRODUCT(C56:F56) -> 0.87625724
B57: =B37 -> -slab | C57: =C37 -> 2 | D57: =D37 -> 3.238342 | E57: =7.667/3.281 -> 2.3367876 | G57: =PRODUCT(C57:F57) -> 15.134634
C58: =C38 -> 2 | D58: =D38 -> 3.6955197 | E58: =6.667/3.281 -> 2.0320024 | G58: =PRODUCT(C58:F58) -> 15.01861
B59: =B39 -> -column | C59: =C39 -> 4 | D59: =0.23*4 -> 0.92 | F59: =F39 -> 1.2191405 | G59: =PRODUCT(C59:F59) -> 4.4864371
B60: =B40 -> -cantilever | C60: =C40 -> 2 | D60: =D40 -> 6 | E60: =E40 -> 0.7111653 | G60: =PRODUCT(C60:F60) -> 8.5339835
C61: =C41 -> 2 | D61: =D41 -> 4.3888347 | E61: =E41 -> 0.68576653 | G61: =PRODUCT(C61:F61) -> 6.0194319
B62: Sub-total | G62: =SUM(G51:G61) -> 64.794743 | H62: sqm | I62: 922.71 | J62: =G62*I62 -> 59786.757
B63: -13% VAT for plyboard | J63: =0.13*G62*20062.02/100 -> 1689.8875
B64: -13% VAT for wood | J64: =0.13*G62*13328.25/100 -> 1122.6807
B65: -13% VAT for iron props | J65: =0.13*G62*10137.6/100 -> 853.92214
B66: -13% VAT for nails | J66: =0.13*G62*3300/100 -> 277.96945
A68: 6 | B68: cf/=;L=;L= nflu kmnfd] 808L sf6\g], df]8\g] #) dL6/ ;Dd | C68: No. | D68: Length (m) | E68: Unit Weight (Kg/m) | F68: Total Weight (Kg)
B69: =B32 -> -beam | C69: =2*2 -> 4 | D69: =5.9+0.23 -> 6.13 | E69: =12*12/162 -> 0.88888889 | F69: =PRODUCT(C69:E69) -> 21.795556 | G69: =F69/1000 -> 0.021795556 | M69: =5.9*3.281 -> 19.3579
C70: =2*2 -> 4 | D70: =14.833/3.281 -> 4.5208778 | E70: =12*12/162 -> 0.88888889 | F70: =PRODUCT(C70:E70) -> 16.074232 | G70: =F70/1000 -> 0.016074232
B71: -stirrups | C71: =35*2 -> 70 | D71: =((0.583*4)+0.17*2)/3.281 -> 0.81438586 | E71: =8*8/162 -> 0.39506173 | F71: =PRODUCT(C71:E71) -> 22.521288 | G71: =F71/1000 -> 0.022521288
B72: =B51 -> -beam | C72: =4*2 -> 8 | D72: =5 -> 5 | E72: =12*12/162 -> 0.88888889 | F72: =PRODUCT(C72:E72) -> 35.555556 | G72: =F72/1000 -> 0.035555556
C73: =4*2 -> 8 | D73: =11.667/3.281 -> 3.5559281 | E73: =12*12/162 -> 0.88888889 | F73: =PRODUCT(C73:E73) -> 25.2866 | G73: =F73/1000 -> 0.0252866
B74: -stirrups | C74: =4*14 -> 56 | D74: =((0.583*4)+0.17*2)/3.281 -> 0.81438586 | E74: =8*8/162 -> 0.39506173 | F74: =PRODUCT(C74:E74) -> 18.01703 | G74: =F74/1000 -> 0.01801703
B75: =B54 -> -upper beam | C75: =2*4 -> 8 | D75: =((4.5-0.333)+0.75*2)/3.281 -> 1.7272173 | E75: =12*12/162 -> 0.88888889 | F75: =PRODUCT(C75:E75) -> 12.282434 | G75: =F75/1000 -> 0.012282434
B76: -stirrups | C76: =10*2 -> 20 | D76: =((0.583*4)+0.17*2)/3.281 -> 0.81438586 | E76: =8*8/162 -> 0.39506173 | F76: =PRODUCT(C76:E76) -> 6.4346537 | G76: =F76/1000 -> 0.0064346537
B77: =B35 -> -upper beam | C77: =2*4 -> 8 | D77: =((4.75-0.333)+0.75*2)/3.281 -> 1.8034136 | E77: =12*12/162 -> 0.88888889 | F77: =PRODUCT(C77:E77) -> 12.824274 | G77: =F77/1000 -> 0.012824274
B78: -stirrups | C78: =10*2 -> 20 | D78: =((0.583*4)+0.17*2)/3.281 -> 0.81438586 | E78: =8*8/162 -> 0.39506173 | F78: =PRODUCT(C78:E78) -> 6.4346537 | G78: =F78/1000 -> 0.0064346537
B79: -column | C79: =4*4 -> 16 | D79: =7.25/3.281 -> 2.2096922 | E79: =12*12/162 -> 0.88888889 | F79: =PRODUCT(C79:E79) -> 31.426733 | G79: =F79/1000 -> 0.031426733
B80: -stirrups | C80: =4*10 -> 40 | D80: =(6*4+2*2)/12/3.281 -> 0.7111653 | E80: =8*8/162 -> 0.39506173 | F80: =PRODUCT(C80:E80) -> 11.238168 | G80: =F80/1000 -> 0.011238168
B81: =CONCATENATE("-at first floor level catilever", B57) -> -at first floor level catilever-slab | C81: =2*4 -> 8 | D81: =(191+30+30)/12/3.281 -> 6.3750889 | E81: =10*10/162 -> 0.61728395 | F81: =PRODUCT(C81:E81) -> 31.48192 | G81: =F81/1000 -> 0.03148192
C82: =2*3 -> 6 | D82: =19.667/3.281 -> 5.9942091 | E82: =10*10/162 -> 0.61728395 | F82: =PRODUCT(C82:E82) -> 22.200774 | G82: =F82/1000 -> 0.022200774
C83: =24*2 -> 48 | D83: =(2+30+35)/12/3.281 -> 1.701717 | E83: =10*10/162 -> 0.61728395 | F83: =PRODUCT(C83:E83) -> 50.421243 | G83: =F83/1000 -> 0.050421243
C84: =23*2 -> 46 | D84: =(30+2)/12/3.281 -> 0.81276034 | E84: =10*10/162 -> 0.61728395 | F84: =PRODUCT(C84:E84) -> 23.07838 | G84: =F84/1000 -> 0.02307838
C85: =3*2 -> 6 | D85: =16.833/3.281 -> 5.130448 | E85: =10*10/162 -> 0.61728395 | F85: =PRODUCT(C85:E85) -> 19.001659 | G85: =F85/1000 -> 0.019001659
C86: =4*2 -> 8 | D86: =(191+30+30)/12/3.281 -> 6.3750889 | E86: =10*10/162 -> 0.61728395 | F86: =PRODUCT(C86:E86) -> 31.48192 | G86: =F86/1000 -> 0.03148192
C87: =15*2 -> 30 | D87: =(37.5+2)/12/3.281 -> 1.003251 | E87: =10*10/162 -> 0.61728395 | F87: =PRODUCT(C87:E87) -> 18.578723 | G87: =F87/1000 -> 0.018578723
C88: =18*2 -> 36 | D88: =(24+24+4)/12/3.281 -> 1.3207355 | E88: =10*10/162 -> 0.61728395 | F88: =PRODUCT(C88:E88) -> 29.349679 | G88: =F88/1000 -> 0.029349679
B89: -at upper floor | C89: =10*4 -> 40 | D89: =E57 -> 2.3367876 | E89: =10*10/162 -> 0.61728395 | F89: =PRODUCT(C89:E89) -> 57.698458 | G89: =F89/1000 -> 0.057698458
C90: =9*4 -> 36 | D90: =E58 -> 2.0320024 | E90: =10*10/162 -> 0.61728395 | F90: =PRODUCT(C90:E90) -> 45.15561 | G90: =F90/1000 -> 0.04515561
C91: =7*2*2 -> 28 | D91: =1.833/3.281 -> 0.55867114 | E91: =10*10/162 -> 0.61728395 | F91: =PRODUCT(C91:E91) -> 9.6560443 | G91: =F91/1000 -> 0.0096560443
C92: =7*2*2 -> 28 | D92: =1.833/3.281 -> 0.55867114 | E92: =10*10/162 -> 0.61728395 | F92: =PRODUCT(C92:E92) -> 9.6560443 | G92: =F92/1000 -> 0.0096560443
B93: Sub-total | G93: =SUM(G69:G92) -> 0.56765163 | H93: MT | I93: 132360 | J93: =G93*I93 -> 75134.37
B94: -13% VAT for TMT rod | J94: =0.13*G93*105000 -> 7748.4448
B95: -13% VAT for binding wire | J95: =0.13*G93*1200 -> 88.553655
A97: 7 | B97: l;d]G6 s+qmL6 ˆnf]l/Ë -!M@M$_ -#* dL=dL=_
B98: -peti area | C98: =0*2 -> 0 | D98: =12/3.281 -> 3.6574215 | E98: 0.9 | G98: =PRODUCT(C98:F98) -> 0
C99: =0*2 -> 0 | D99: =21/3.281 -> 6.4004877 | E99: 0.9 | G99: =PRODUCT(C99:F99) -> 0
B100: Sub-total | G100: =SUM(G98:G99) -> 0 | H100: sqm | I100: 689.98 | J100: =G100*I100 -> 0
B101: -13% VAT for cement | J101: =0.13*G100*1694.03/10 -> 0
B102: -13% VAT for sand | J102: =0.13*G100*472.02/10 -> 0
B103: -13% VAT for aggregate | J103: =0.13*G100*1207.6/10 -> 0
A105: 8 | B105: !^ dL=dL=u|]gfO{6, @) dL dL afSnf] !M@ efusf] l;d]G6 d;nfdf 5fkL 3f]6\g] / kflnz ;d]t ug]{
B106: -flooring inside | C106: =0*1 -> 0 | D106: =12.667/3.281 -> 3.8607132 | E106: =9.75/3.281 -> 2.971655 | G106: =PRODUCT(C106:F106) -> 0
B107: Sub-total | G107: =SUM(G106) -> 0 | H107: sqm | I107: 6851.63 | J107: =G107*I107 -> 0
...

Sheet 2.667'column height
A1: Government of Nepal
A2: Shankharapur Municipality Office
A3: Bagmati Province
A4: Sankhu, Kathmandu
A5: Detail Estimated Sheet
A6: Project:- k~rkfn] led;]g dlGb/ cw'/f] | H6: F.Y.: 2082/2083
A7: Location:- Shankharapur Municipality 1 | H7: Date:
A8: S.N. | B8: Description of work | C8: No. | D8: Length | E8: Breadth | F8: Height | G8: Quantity | H8: Unit | I8: Rate | J8: Amount | K8: Remark | M8: Water tap size
A9: 1 | B9: g/d k|sf/sf] Sn] / l;N6L df6f]df ;j} lsl;dsf] vGg] sfd | M9: length | N9: Breadth | O9: thickness | P9: Height 1 | Q9: Height 2 | R9: Width of stand tap
B10: -for stand tap | C10: 1 | D10: =5.5/3.281 -> 1.6763182 | E10: =5.5/3.281 -> 1.6763182 | F10: 0.15 | G10: =PRODUCT(C10:F10) -> 0.4215064 | M10: =5.5/3.281 -> 1.6763182 | N10: =5.5/3.281 -> 1.6763182 | O10: 0.23 | P10: =TRUNC(2/3.281,1) -> 0.6 | Q10: =TRUNC(4/3.281,1) -> 1.2 | R10: =1.17/3.281 -> 0.3565986
B11: Sub-total | G11: =SUM(G10) -> 0.4215064 | H11: cum | I11: 674.12 | J11: =G11*I11 -> 284.1459
A13: 2 | B13: ;'Vvf O{6f RofK6f] 5fKg] sfd
B14: =B10 -> -for stand tap | C14: =C10 -> 1 | D14: =D10 -> 1.6763182 | E14: =E10 -> 1.6763182 | G14: =PRODUCT(C14:F14) -> 2.8100427
B15: Sub-total | G15: =SUM(G14) -> 2.8100427 | H15: sqm | I15: 1017.47 | J15: =G15*I15 -> 2859.1341
B16: -13% VAT for brick | J16: =0.13*G15*6360.9/10 -> 232.36721
B17: -13% VAT for sand | J17: =0.13*G15*2256.3/10 -> 82.423891
A19: 3 | B19: d]lzgsf] k|of]u u/L hu leQf kvf{ndf l;d]G6 s+lqm6 ug]{ sfd -!M@M$_
B20: -for lintel | C20: =2 -> 2 | D20: =15/3.281 -> 4.5717769 | E20: 0.35 | F20: 0.1 | G20: =PRODUCT(C20:F20) -> 0.32002438
C21: =2 -> 2 | D21: =9.75/3.281 -> 2.971655 | E21: 0.35 | F21: 0.1 | G21: =PRODUCT(C21:F21) -> 0.20801585
B22: =B14 -> -for stand tap | C22: =C14 -> 1 | D22: =D14 -> 1.6763182 | E22: =E14 -> 1.6763182 | F22: 0.1 | G22: =PRODUCT(C22:F22) -> 0.28100427
B23: Sub-total | G23: =SUM(G20:G22) -> 0.8090445 | H23: cum | I23: 12884.61 | J23: =G23*I23 -> 10424.223
B24: -13% VAT for cement | J24: =0.13*G23*4169.92 -> 438.57461
B25: -13% VAT for aggregate | J25: =0.13*G23*(1652.5+1106.96) -> 290.22837
B26: -13% VAT for sand | J26: =0.13*G23*1414.16 -> 148.73539
B27: -13% VAT for water | J27: =0.13*G23*36.4 -> 3.8283986
B28: -13% VAT for water | J28: =0.13*G23*392.92 -> 41.325669
B29: -13% VAT for water | J29: =0.13*G23*14.15 -> 1.4882374
A31: 4 | B31: d]lzgsf] k|of]u u/L ;'k/ :6«Sr/df l;d]G6 s+lqm6 ug]{ sfd -!M!=%M#_
B32: -beam | C32: 2 | D32: =15/3.281 -> 4.5717769 | E32: 0.23 | F32: 0.35 | G32: =PRODUCT(C32:F32) -> 0.73605608
C33: =2*2 -> 4 | D33: =9.75/3.281 -> 2.971655 | E33: 0.23 | F33: 0.35 | G33: =PRODUCT(C33:F33) -> 0.9568729
B34: -upper beam | C34: 2 | D34: =5/3.281 -> 1.5239256 | E34: 0.23 | F34: 0.23 | G34: =PRODUCT(C34:F34) -> 0.16123133
C35: 2 | D35: =3.75/3.281 -> 1.1429442 | E35: 0.23 | F35: 0.23 | G35: =PRODUCT(C35:F35) -> 0.1209235
B36: -slab | C36: 2 | D36: =((18.25+6.5)/2)/3.281 -> 3.7717159 | E36: =6.917/3.281 -> 2.1081987 | F36: 0.075 | G36: =PRODUCT(C36:F36) -> 1.192729
C37: 2 | D37: =((15.25+5.25)/2)/3.281 -> 3.1240475 | E37: =6.25/3.281 -> 1.904907 | F37: 0.075 | G37: =PRODUCT(C37:F37) -> 0.89265302
B38: -column | C38: 4 | D38: 0.23 | E38: 0.23 | F38: =(2.667/3.281) -> 0.81286193 | G38: =PRODUCT(C38:F38) -> 0.17200158
B39: Sub-total | G39: =SUM(G32:G38) -> 4.2324674 | H39: cum | I39: 13957.29 | J39: =G39*I39 -> 59073.775
B40: -13% VAT for cement | J40: =0.13*G39*5212.4 -> 2867.9707
B41: -13% VAT for aggregate | J41: =0.13*G39*(1912.03+921.59) -> 1559.1166
B42: -13% VAT for sand | J42: =0.13*G39*1350.6 -> 743.12817
B43: -13% VAT for water | J43: =0.13*G39*56 -> 30.812363
B44: -13% VAT for diesel | J44: =0.13*G39*392.92 -> 216.19274
B45: -13% VAT for petrol | J45: =0.13*G39*14.15 -> 7.7856238
A47: 5 | B47: kmnfd]sf] kfOk / KnfOaf]8{af6 kmdf{ agfpg] sfd
B48: =B32 -> -beam | C48: =C32 -> 2 | D48: =D32 -> 4.5717769 | F48: =0.35*2 -> 0.7 | G48: =PRODUCT(C48:F48) -> 6.4004877
C49: =C33 -> 4 | D49: =D33 -> 2.971655 | F49: =0.35*2 -> 0.7 | G49: =PRODUCT(C49:F49) -> 8.320634
B50: =B34 -> -upper beam | C50: =C34 -> 2 | D50: =D34 -> 1.5239256 | F50: =0.23*2 -> 0.46 | G50: =PRODUCT(C50:F50) -> 1.4020116
C51: =C35 -> 2 | D51: =D35 -> 1.1429442 | F51: =0.23*2 -> 0.46 | G51: =PRODUCT(C51:F51) -> 1.0515087
B52: =B36 -> -slab | C52: =C36 -> 2 | D52: =D36 -> 3.7717159 | E52: =E36 -> 2.1081987 | G52: =PRODUCT(C52:F52) -> 15.903053
C53: =C37 -> 2 | D53: =D37 -> 3.1240475 | E53: =E37 -> 1.904907 | G53: =PRODUCT(C53:F53) -> 11.90204
B54: =B38 -> -column | C54: =C38 -> 4 | D54: =0.23*4 -> 0.92 | F54: =F38-0.23 -> 0.58286193 | G54: =PRODUCT(C54:F54) -> 2.1449319
B55: Sub-total | G55: =SUM(G48:G54) -> 47.124668 | H55: sqm | I55: 922.71 | J55: =G55*I55 -> 43482.402
B56: -13% VAT for plyboard | J56: =0.13*G55*20062.02/100 -> 1229.0408
B57: -13% VAT for wood | J57: =0.13*G55*13328.25/100 -> 816.51616
B58: -13% VAT for iron props | J58: =0.13*G55*10137.6/100 -> 621.05034
B59: -13% VAT for nails | J59: =0.13*G55*3300/100 -> 202.16482
A61: 6 | B61: cf/=;L=;L= nflu kmnfd] 808L sf6\g], df]8\g] #) dL6/ ;Dd | C61: No. | D61: Length (m) | E61: Unit Weight (Kg/m) | F61: Total Weight (Kg)
B62: =B32 -> -beam | C62: =C48*(4) -> 8 | D62: =D32-0.1+(0.583/3.281)*2 -> 4.8271564 | E62: =16*16/162 -> 1.5802469 | F62: =PRODUCT(C62:E62) -> 61.024791 | G62: =F62/1000 -> 0.061024791
C63: =C48*(2) -> 4 | D63: =D33-0.1+(0.583/3.281)*2 -> 3.2270344 | E63: =12*12/162 -> 0.88888889 | F63: =PRODUCT(C63:E63) -> 11.4739 | G63: =F63/1000 -> 0.0114739
B64: -stirrups | C64: =2*(TRUNC((D48-0.1-0.23*2)/0.125,0)) -> 64 | D64: =((0.583*4)+0.17*2)/3.281 -> 0.81438586 | E64: =8*8/162 -> 0.39506173 | F64: =PRODUCT(C64:E64) -> 20.590892 | G64: =F64/1000 -> 0.020590892
B65: =B48 -> -beam | C65: =C49*(4) -> 16 | D65: =D33-0.1+0.23*2+(0.583/3.281)*2 -> 3.6870344 | E65: =16*16/162 -> 1.5802469 | F65: =PRODUCT(C65:E65) -> 93.222797 | G65: =F65/1000 -> 0.093222797
C66: =C49*(2) -> 8 | D66: =D34-0.1+0.23*2+(0.583/3.281)*2 -> 2.2393051 | E66: =12*12/162 -> 0.88888889 | F66: =PRODUCT(C66:E66) -> 15.923947 | G66: =F66/1000 -> 0.015923947
B67: -stirrups | C67: =4*(TRUNC((D49-0.1)/0.125,0)) -> 88 | D67: =((0.583*4)+0.17*2)/3.281 -> 0.81438586 | E67: =8*8/162 -> 0.39506173 | F67: =PRODUCT(C67:E67) -> 28.312476 | G67: =F67/1000 -> 0.028312476
B68: =B50 -> -upper beam | C68: =C50*(3*2) -> 12 | D68: =D34+(0.583/3.281)*2 -> 1.8793051 | E68: =12*12/162 -> 0.88888889 | F68: =PRODUCT(C68:E68) -> 20.045921 | G68: =F68/1000 -> 0.020045921
B69: -stirrups | C69: =2*(TRUNC((D50-0.1-0.23*2)/0.125,0)) -> 14 | D69: =((0.583*4)+0.17*2)/3.281 -> 0.81438586 | E69: =8*8/162 -> 0.39506173 | F69: =PRODUCT(C69:E69) -> 4.5042576 | G69: =F69/1000 -> 0.0045042576
B70: =B34 -> -upper beam | C70: =C51*(3*2) -> 12 | D70: =D35+0.23*2+(0.583/3.281)*2 -> 1.9583237 | E70: =12*12/162 -> 0.88888889 | F70: =PRODUCT(C70:E70) -> 20.888786 | G70: =F70/1000 -> 0.020888786
B71: -stirrups | C71: =2*(TRUNC((D51-0.1)/0.125,0)) -> 16 | D71: =((0.583*4)+0.17*2)/3.281 -> 0.81438586 | E71: =8*8/162 -> 0.39506173 | F71: =PRODUCT(C71:E71) -> 5.147723 | G71: =F71/1000 -> 0.005147723
B72: =B52 -> -slab | C72: =TRUNC(((E52-0.1)/0.15),0) -> 13 | D72: =D52*C52 -> 7.5434319 | E72: =8*8/162 -> 0.39506173 | F72: =PRODUCT(C72:E72) -> 38.741576 | G72: =F72/1000 -> 0.038741576
C73: =2*(TRUNC(((D52-0.1)/0.15),0)) -> 48 | D73: =E52 -> 2.1081987 | E73: =8*8/162 -> 0.39506173 | F73: =PRODUCT(C73:E73) -> 39.977694 | G73: =F73/1000 -> 0.039977694 | M73: =10.5/3.281 -> 3.2002438 | N73: =M73/2 -> 1.6001219
C74: =2*(TRUNC(((D53-0.1)/0.15),0)) -> 40 | D74: =E53 -> 1.904907 | E74: =8*8/162 -> 0.39506173 | F74: =PRODUCT(C74:E74) -> 30.102235 | G74: =F74/1000 -> 0.030102235 | M74: =9.5/3.281 -> 2.8954587
C75: =2*(TRUNC(((E53-0.1)/0.15),0)) -> 24 | D75: =D53 -> 3.1240475 | E75: =8*8/162 -> 0.39506173 | F75: =PRODUCT(C75:E75) -> 29.620599 | G75: =F75/1000 -> 0.029620599
B76: -column | C76: 8 | D76: =((3.33-0.33)/3.281)+(0.45*2) -> 1.8143554 | E76: =12*12/162 -> 0.88888889 | F76: =PRODUCT(C76:E76) -> 12.902083 | G76: =F76/1000 -> 0.012902083
B77: -stirrups | C77: =4*(TRUNC((1.917-0.17*2)/0.33,0)+1) -> 20 | D77: =(6*4+2*2)/12/3.281 -> 0.7111653 | E77: =8*8/162 -> 0.39506173 | F77: =PRODUCT(C77:E77) -> 5.6190838 | G77: =F77/1000 -> 0.0056190838
C78: =C77 -> 20 | D78: =(4*4+2*2)/12/3.281 -> 0.50797521 | E78: =8*8/162 -> 0.39506173 | F78: =PRODUCT(C78:E78) -> 4.0136313 | G78: =F78/1000 -> 0.0040136313
B79: Sub-total | G79: =SUM(G62:G78) -> 0.44211239 | H79: MT | I79: 132360 | J79: =G79*I79 -> 58517.996
B80: -13% VAT for TMT rod | J80: =0.13*G79*105000 -> 6034.8342
B81: -13% VAT for binding wire | J81: =0.13*G79*1200 -> 68.969533
A83: 7 | B83: l;d]G6 s+qmL6 ˆnf]l/Ë -!M@M$_ -#* dL=dL=_
B84: -peti area | C84: 2 | D84: =12/3.281 -> 3.6574215 | E84: 0.9 | G84: =PRODUCT(C84:F84) -> 6.5833587
C85: 2 | D85: =21/3.281 -> 6.4004877 | E85: 0.9 | G85: =PRODUCT(C85:F85) -> 11.520878
B86: Sub-total | G86: =SUM(G84:G85) -> 18.104237 | H86: sqm | I86: 689.98 | J86: =G86*I86 -> 12491.561
B87: -13% VAT for cement | J87: =0.13*G86*1694.03/10 -> 398.69856
B88: -13% VAT for sand | J88: =0.13*G86*472.02/10 -> 111.0923
B89: -13% VAT for aggregate | J89: =0.13*G86*1207.6/10 -> 284.21479
A91: 7 | B91: !^ dL=dL=u|]gfO{6, @) dL dL afSnf] !M@ efusf] l;d]G6 d;nfdf 5fkL 3f]6\g] / kflnz ;d]t ug]{
B92: -flooring inside | C92: 1 | D92: =12.667/3.281 -> 3.8607132 | E92: =9.75/3.281 -> 2.971655 | G92: =PRODUCT(C92:F92) -> 11.472708
B93: Sub-total | G93: =SUM(G92) -> 11.472708 | H93: sqm | I93: 6851.63 | J93: =G93*I93 -> 78606.748
B94: -13% VAT for cement | J94: =0.13*G93*1694.03/10 -> 252.65644
B95: -13% VAT for sand | J95: =0.13*G93*581.55/10 -> 86.73539
B96: -13% VAT for 16mm granite | J96: =0.13*G93*43319.76/10 -> 6460.9342
B97: -13% VAT for cShflns Pl;8 | J97: =0.13*G93*46.25/10 -> 6.8979655
B98: -13% VAT for d}g kflnz | J98: =0.13*G93*43.3/10 -> 6.4579871
B99: -13% VAT for tf/k]G6fOg | J99: =0.13*G93*118.89/10 -> 17.731873
B100: -13% VAT for sfaf]{/08d 9'ª\uf | J100: =0.13*G93*120/10 -> 17.897424
A102: 8 | B102: # dL=dL= df]6fO{ d;Lgf] l;d]G6 3f]6\g] sfd
B103: =B134 -> -for wing walls of stand tap | C103: =C134 -> 4 | D103: =D134 -> 1.2163182 | F103: =F134 -> 0.6 | G103: =PRODUCT(C103:F103) -> 2.9191637
B104: =B135 -> -for side wall of stand tap | C104: =C135 -> 1 | D104: =D135 -> 1.3197196 | F104: =F135 -> 0.6 | G104: =PRODUCT(C104:F104) -> 0.79183176
B105: =B136 -> -stand | C105: =C136 -> 1 | D105: =D136 -> 0.3565986 | F105: =F136 -> 1.2 | G105: =PRODUCT(C105:F105) -> 0.42791832
C106: =C137 -> 1 | D106: =D137 -> 0.46 | F106: =F137 -> 0.6 | G106: =PRODUCT(C106:F106) -> 0.276
B107: -for floor area | C107: =C14 -> 1 | D107: =M10-0.23*2 -> 1.2163182 | E107: =N10-0.23 -> 1.4463182 | G107: =PRODUCT(C107:F107) -> 1.7591831
B108: =B84 -> -peti area | C108: =C84 -> 2 | D108: =D84 -> 3.6574215 | E108: =E84 -> 0.9 | G108: =PRODUCT(C108:F108) -> 6.5833587
...
