Workbook
Name description_103: [1]Abstract!$B$16
Name description_124: #REF!
Name description_247: [1]Abstract!$B$22
Name description_248: [1]Abstract!$B$23
Name description_261: [2]Abstract!$B$33
Name description_262: [1]Abstract!$B$34
Name description_276: [3]Abstract!$B$40
Name description_3: [1]Abstract!$B$169
Name description_310: #REF!
Name description_312: #REF!
Name description_5: [1]Abstract!$B$171
Name description_6: #REF!
Name description_759: [1]Abstract!$B$278
Name description_781: #REF!
Name description_783: [1]Abstract!$B$301
Name description_784: [3]Abstract!$B$300

Sheet bhotange chihaanpaati
A1: Government of Nepal
A2: Shankharapur Municipality Office
A3: Bagmati Province
A4: Sankhu, Kathmandu
A5: Detail Estimated Sheet
A6: Project:- k~rkfn] led;]g dlGb/ cw'/f] | H6: F.Y.: 2082/2083
A7: Location:- Shankharapur Municipality 1 | H7: Date:
A8: S.N. | B8: Description of work | C8: No. | D8: Length | E8: Breadth | F8: Height | G8: Quantity | H8: Unit | I8: Rate | J8: Amount | K8: Remark
A9: 3 | B9: d]lzgsf] k|of]u u/L hu leQf kvf{ndf l;d]G6 s+lqm6 ug]{ sfd -!M@M$_
B10: -for lintel | C10: =2 -> 2 | D10: =15/3.281 -> 4.5717769 | E10: 0.35 | F10: 0.1 | G10: =PRODUCT(C10:F10) -> 0.32002438
C11: =2 -> 2 | D11: =9.75/3.281 -> 2.971655 | E11: 0.35 | F11: 0.1 | G11: =PRODUCT(C11:F11) -> 0.20801585
B12: Sub-total | G12: =SUM(G10:G11) -> 0.52804023 | H12: cum | I12: 12884.61 | J12: =G12*I12 -> 6803.5924
B13: -13% VAT for cement | J13: =0.13*G12*4169.92 -> 286.24512
B14: -13% VAT for aggregate | J14: =0.13*G12*(1652.5+1106.96) -> 189.42377
B15: -13% VAT for sand | J15: =0.13*G12*1414.16 -> 97.075339
B16: -13% VAT for water | J16: =0.13*G12*36.4 -> 2.4986864
B17: -13% VAT for water | J17: =0.13*G12*392.92 -> 26.972084
B18: -13% VAT for water | J18: =0.13*G12*14.15 -> 0.97133001
A20: 4 | B20: d]lzgsf] k|of]u u/L ;'k/ :6«Sr/df l;d]G6 s+lqm6 ug]{ sfd -!M!=%M#_
B21: -beam | C21: 2 | D21: =15/3.281 -> 4.5717769 | E21: 0.23 | F21: 0.23 | G21: =PRODUCT(C21:F21) -> 0.483694
C22: =2*2 -> 4 | D22: =9.75/3.281 -> 2.971655 | E22: 0.23 | F22: 0.23 | G22: =PRODUCT(C22:F22) -> 0.62880219
B23: -upper beam | C23: 2 | D23: =8.17/3.281 -> 2.4900945 | E23: 0.23 | F23: 0.23 | G23: =PRODUCT(C23:F23) -> 0.263452
C24: 2 | D24: =3.75/3.281 -> 1.1429442 | E24: 0.23 | F24: 0.23 | G24: =PRODUCT(C24:F24) -> 0.1209235
B25: -slab | C25: 2 | D25: =((17.667+8.17)/2)/3.281 -> 3.9373667 | E25: =6.33/3.281 -> 1.9292899 | F25: 0.075 | G25: =PRODUCT(C25:F25) -> 1.1394482
C26: 2 | D26: =((14.75+5.25)/2)/3.281 -> 3.0478513 | E26: =6.33/3.281 -> 1.9292899 | F26: 0.075 | G26: =PRODUCT(C26:F26) -> 0.88202828
B27: -column | C27: 4 | D27: 0.23 | E27: 0.23 | F27: =2.25/3.281 -> 0.68576653 | G27: =PRODUCT(C27:F27) -> 0.1451082
B28: Sub-total | G28: =SUM(G21:G27) -> 3.6634564 | H28: cum | I28: 13957.29 | J28: =G28*I28 -> 51131.923
B29: -13% VAT for cement | J29: =0.13*G28*5212.4 -> 2482.402
B30: -13% VAT for aggregate | J30: =0.13*G28*(1912.03+921.59) -> 1349.5096
B31: -13% VAT for sand | J31: =0.13*G28*1350.6 -> 643.22235
B32: -13% VAT for water | J32: =0.13*G28*56 -> 26.669963
B33: -13% VAT for diesel | J33: =0.13*G28*392.92 -> 187.12789
B34: -13% VAT for petrol | J34: =0.13*G28*14.15 -> 6.738928
A36: 5 | B36: kmnfd]sf] kfOk / KnfOaf]8{af6 kmdf{ agfpg] sfd
B37: =B21 -> -beam | C37: =C21 -> 2 | D37: =D21 -> 4.5717769 | F37: =0.23*2 -> 0.46 | G37: =PRODUCT(C37:F37) -> 4.2060347
C38: =C22 -> 4 | D38: =D22 -> 2.971655 | F38: =0.23*2 -> 0.46 | G38: =PRODUCT(C38:F38) -> 5.4678452
B39: =B23 -> -upper beam | C39: =C23 -> 2 | D39: =D23 -> 2.4900945 | F39: =0.23*2 -> 0.46 | G39: =PRODUCT(C39:F39) -> 2.2908869
C40: =C24 -> 2 | D40: =D24 -> 1.1429442 | F40: =0.23*2 -> 0.46 | G40: =PRODUCT(C40:F40) -> 1.0515087
B41: =B25 -> -slab | C41: =C25 -> 2 | D41: =D25 -> 3.9373667 | E41: =E25 -> 1.9292899 | G41: =PRODUCT(C41:F41) -> 15.192643
C42: =C26 -> 2 | D42: =D26 -> 3.0478513 | E42: =E26 -> 1.9292899 | G42: =PRODUCT(C42:F42) -> 11.760377
B43: =B27 -> -column | C43: =C27 -> 4 | D43: =0.23*4 -> 0.92 | F43: =F27 -> 0.68576653 | G43: =PRODUCT(C43:F43) -> 2.5236208
B44: Sub-total | G44: =SUM(G37:G43) -> 42.492916 | H44: sqm | I44: 922.71 | J44: =G44*I44 -> 39208.639
B45: -13% VAT for plyboard | J45: =0.13*G44*20062.02/100 -> 1108.2419
B46: -13% VAT for wood | J46: =0.13*G44*13328.25/100 -> 736.26308
B47: -13% VAT for iron props | J47: =0.13*G44*10137.6/100 -> 560.00905
B48: -13% VAT for nails | J48: =0.13*G44*3300/100 -> 182.29461
A50: 6 | B50: cf/=;L=;L= nflu kmnfd] 808L sf6\g], df]8\g] #) dL6/ ;Dd | C50: No. | D50: Length (m) | E50: Unit Weight (Kg/m) | F50: Total Weight (Kg)
B51: =B21 -> -beam | C51: =C37*(3*2) -> 12 | D51: =D21+(0.583/3.281)*2 -> 4.9271564 | E51: =12*12/162 -> 0.88888889 | F51: =PRODUCT(C51:E51) -> 52.556334 | G51: =F51/1000 -> 0.052556334
B52: -stirrups | C52: =2*(TRUNC((D37-0.1-0.23*2)/0.125,0)) -> 64 | D52: =((0.583*4)+0.17*2)/3.281 -> 0.81438586 | E52: =8*8/162 -> 0.39506173 | F52: =PRODUCT(C52:E52) -> 20.590892 | G52: =F52/1000 -> 0.020590892
B53: =B37 -> -beam | C53: =C39*(3*2) -> 12 | D53: =D22+0.23*2+(0.583/3.281)*2 -> 3.7870344 | E53: =12*12/162 -> 0.88888889 | F53: =PRODUCT(C53:E53) -> 40.395034 | G53: =F53/1000 -> 0.040395034
B54: -stirrups | C54: =4*(TRUNC((D38-0.1)/0.125,0)) -> 88 | D54: =((0.583*4)+0.17*2)/3.281 -> 0.81438586 | E54: =8*8/162 -> 0.39506173 | F54: =PRODUCT(C54:E54) -> 28.312476 | G54: =F54/1000 -> 0.028312476
B55: =B39 -> -upper beam | C55: =C39*(3*2) -> 12 | D55: =D23+(0.583/3.281)*2 -> 2.8454739 | E55: =12*12/162 -> 0.88888889 | F55: =PRODUCT(C55:E55) -> 30.351722 | G55: =F55/1000 -> 0.030351722
B56: -stirrups | C56: =2*(TRUNC((D39-0.1-0.23*2)/0.125,0)) -> 30 | D56: =((0.583*4)+0.17*2)/3.281 -> 0.81438586 | E56: =8*8/162 -> 0.39506173 | F56: =PRODUCT(C56:E56) -> 9.6519805 | G56: =F56/1000 -> 0.0096519805
B57: =B23 -> -upper beam | C57: =C40*(3*2) -> 12 | D57: =D24+0.23*2+(0.583/3.281)*2 -> 1.9583237 | E57: =12*12/162 -> 0.88888889 | F57: =PRODUCT(C57:E57) -> 20.888786 | G57: =F57/1000 -> 0.020888786
B58: -stirrups | C58: =2*(TRUNC((D40-0.1)/0.125,0)) -> 16 | D58: =((0.583*4)+0.17*2)/3.281 -> 0.81438586 | E58: =8*8/162 -> 0.39506173 | F58: =PRODUCT(C58:E58) -> 5.147723 | G58: =F58/1000 -> 0.005147723
B59: =B41 -> -slab | C59: =TRUNC(((E41-0.1)/0.15),0) -> 12 | D59: =D41*C41+D42*C42 -> 13.970436 | E59: =8*8/162 -> 0.39506173 | F59: =PRODUCT(C59:E59) -> 66.230214 | G59: =F59/1000 -> 0.066230214
C60: =2*(TRUNC(((D41-0.1)/0.15),0)) -> 50 | D60: =E41 -> 1.9292899 | E60: =8*8/162 -> 0.39506173 | F60: =PRODUCT(C60:E60) -> 38.109429 | G60: =F60/1000 -> 0.038109429
C61: =2*(TRUNC(((D42-0.1)/0.15),0)) -> 38 | D61: =E42 -> 1.9292899 | E61: =8*8/162 -> 0.39506173 | F61: =PRODUCT(C61:E61) -> 28.963166 | G61: =F61/1000 -> 0.028963166
B62: -column | C62: 8 | D62: =((3.75-0.33)/3.281)+(0.45*2) -> 1.9423651 | E62: =12*12/162 -> 0.88888889 | F62: =PRODUCT(C62:E62) -> 13.812374 | G62: =F62/1000 -> 0.013812374
C63: =4*(TRUNC((2.25-0.17*2)/0.33,0)+1) -> 24 | D63: =(6*4+2*2)/12/3.281 -> 0.7111653 | E63: =8*8/162 -> 0.39506173 | F63: =PRODUCT(C63:E63) -> 6.7429006 | G63: =F63/1000 -> 0.0067429006
C64: =C63 -> 24 | D64: =(4*4+2*2)/12/3.281 -> 0.50797521 | E64: =8*8/162 -> 0.39506173 | F64: =PRODUCT(C64:E64) -> 4.8163576 | G64: =F64/1000 -> 0.0048163576
B65: Sub-total | G65: =SUM(G51:G64) -> 0.36656939 | H65: MT | I65: 132360 | J65: =G65*I65 -> 48519.124
B66: -13% VAT for TMT rod | J66: =0.13*G65*105000 -> 5003.6722
B67: -13% VAT for binding wire | J67: =0.13*G65*1200 -> 57.184825
A69: 7 | B69: l;d]G6 s+qmL6 ˆnf]l/Ë -!M@M$_ -#* dL=dL=_
B70: =#REF! -> #REF! | C70: 1 | D70: =12.667/3.281 -> 3.8607132 | E70: =9.75/3.281 -> 2.971655 | G70: =PRODUCT(C70:F70) -> 11.472708
B71: Sub-total | G71: =SUM(G70) -> 11.472708 | H71: sqm | I71: 689.98 | J71: =G71*I71 -> 7915.9388
B72: -13% VAT for cement | J72: =0.13*G71*1694.03/10 -> 252.65644
B73: -13% VAT for sand | J73: =0.13*G71*472.02/10 -> 70.399517
B74: -13% VAT for aggregate | J74: =0.13*G71*1207.6/10 -> 180.10774
A76: 8 | B76: # dL=dL= df]6fO{ d;Lgf] l;d]G6 3f]6\g] sfd
B77: =B70 -> #REF! | C77: =C70 -> 1 | D77: =D70 -> 3.8607132 | E77: =E70 -> 2.971655 | G77: =PRODUCT(C77:F77) -> 11.472708
B78: Sub-total | G78: =SUM(G77:G77) -> 11.472708 | H78: sqm | I78: 415.5 | J78: =G78*I78 -> 4766.91
B79: -13% VAT for cement | J79: =0.13*G78*7010.67/100 -> 104.56078
B80: -13% VAT for sand | J80: =0.13*G78*4639.73/100 -> 69.199345
A82: 9 | B82: e'O{+tNnfdf lrDgL e§fsf] O{+6fsf] uf/f] l;d]G6 d;nf -!M^_ df
B83: -for wall continue | C83: 2 | D83: =9.75/3.281 -> 2.971655 | E83: 0.35 | F83: =(10-3.5-0.33)/3.281 -> 1.8805242 | G83: =PRODUCT(C83:F83) -> 3.9117884
C84: 2 | D84: =15/3.281 -> 4.5717769 | E84: 0.35 | F84: =(10-3.5-0.33)/3.281 -> 1.8805242 | G84: =PRODUCT(C84:F84) -> 6.0181361
B85: -deduction for door | C85: -1 | D85: =1.5 -> 1.5 | E85: 0.35 | F85: =(7-3.5)/3.281 -> 1.0667479 | G85: =PRODUCT(C85:F85) -> -0.56004267
B86: -deduction for window | C86: -2 | D86: =3.5/3.281 -> 1.0667479 | E86: 0.35 | F86: =(7-3.5)/3.281 -> 1.0667479 | G86: =PRODUCT(C86:F86) -> -0.79656582
B87: Sub-total | G87: =SUM(G83:G86) -> 8.573316 | H87: cum | I87: =14491.84 -> 14491.84 | J87: =G87*I87 -> 124243.12
B88: -13% VAT for brick | J88: =0.13*G87*8481.2 -> 9452.561
B89: -13% VAT for cement | J89: =0.13*G87*912.17 -> 1016.6418
B90: -13% VAT for sanda | J90: =0.13*G87*953.37 -> 1062.5605
B91: -13% VAT for water | J91: =0.13*G87*28 -> 31.20687
A93: 10 | B93: !@=% dL=dL= l;d]G6 afn'jf -!M$_ Knfi6/
B94: =B83 -> -for wall continue | C94: 1 | D94: =(15*2+(9.75+1.17*2)*2)/3.281 -> 16.513258 | F94: =10/3.281 -> 3.0478513 | G94: =PRODUCT(C94:F94) -> 50.329955
C95: 1 | D95: =((15-1.17*2)*2+(9.75*2))/3.281 -> 13.660469 | F95: =10/3.281 -> 3.0478513 | G95: =PRODUCT(C95:F95) -> 41.635079
B96: =B85 -> -deduction for door | C96: =2*C85 -> -2 | D96: =D85 -> 1.5 | F96: =7/3.281 -> 2.1334959 | G96: =PRODUCT(C96:F96) -> -6.4004877
B97: =B86 -> -deduction for window | C97: =2*C86 -> -4 | D97: =D86 -> 1.0667479 | F97: =F86 -> 1.0667479 | G97: =PRODUCT(C97:F97) -> -4.5518047
B98: Sub-total | G98: =SUM(G94:G97) -> 81.012741 | H98: sqm | I98: 415.5 | J98: =G98*I98 -> 33660.794
B99: -13% VAT for cement | J99: =0.13*G98*7010.67/100 -> 738.33967
B100: -13% VAT for sand | J100: =0.13*G98*4639.73/100 -> 488.64042
A102: 11 | B102: Ps sf]6 k|fO{d/ ;lxt b'O{ sf]6 j]b/sf]6 k]G6 ug]{ sfd
B103: -as plaster | C103: =C94 -> 1 | G103: =SUM(G94:G97) -> 81.012741
B104: Sub-total | G104: =SUM(G103:G103) -> 81.012741 | H104: sqm | I104: 253.8 | J104: =G104*I104 -> 20561.034
B105: -13% VAT for aster | J105: =0.13*G104*2304/100 -> 242.64936
B106: -13% VAT for weather coat | J106: =0.13*G104*10432/100 -> 1098.6624
A113: 17 | B113: Provisional sum for unforseen works | C113: 1 | G113: =PRODUCT(C113:F113) -> 1 | H113: PS | I113: 5000 | J113: =G113*I113 -> 5000
A115: 18 | B115: Information board (सुचना पाटि) | C115: 1 | G115: =PRODUCT(C115:F115) -> 1 | H115: no. | I115: 500 | J115: =G115*I115 -> 500
...

Sheet chihaan
A1: Government of Nepal
A2: Shankharapur Municipality Office
A3: Bagmati Province
A4: Sankhu, Kathmandu
A5: Detail Estimated Sheet
A6: Project:- ef]tfª\u] lrxfgkfl6 | H6: F.Y.: 2082/2083
A7: Location:- Shankharapur Municipality 1 | H7: Date:
A8: S.N. | B8: Description of work | C8: No. | D8: Length | E8: Breadth | F8: Height | G8: Quantity | H8: Unit | I8: Rate | J8: Amount | K8: Remark
A9: 1 | B9: Earthwork Excavation in Cutting., Roadway Excavation in all types of Soil by Mechanical Means ., Road way Excavation in all types of soil as per Drawing and technical specifications including removal of stumps and other deleterious matter and backfilling, all lifts and lead as per Drawing and instruction of the Engineer.
B10: -for wall | C10: 0.5 | D10: 7.5 | E10: 3 | F10: 1.5 | G10: =PRODUCT(C10:F10) -> 16.875
B11: Sub-total | G11: =SUM(G10:G10) -> 16.875 | H11: m3 | I11: 62.95 | J11: =G11*I11 -> 1062.2812
B12: -13% VAT for materials | J12: =0.13*G11*(18612)/360 -> 113.41688
A14: 2 | B14: Providing and laying of hand pack locally available Stone soling with 150 to 200 mm thick stones and packing with smaller stone on prepared surface as per Drawing and Technical Specifications.
B15: =B10 -> -for wall | C15: 1 | D15: =D29 -> 7.6 | E15: =E20 -> 1.25 | F15: 0.15 | G15: =PRODUCT(C15:F15) -> 1.425
B16: Sub-total | G16: =SUM(G15:G15) -> 1.425 | H16: m3 | I16: 4458.52 | J16: =G16*I16 -> 6353.391
B17: -13% VAT for materials | J17: =0.13*G16*(14817.6)/5 -> 548.99208
A19: 3 | B19: Providing and laying of Plain/Reinforced Cement Concrete in Foundation complete as per Drawing and Technical Specifications, PCC Grade M 15
B20: =B15 -> -for wall | C20: 1 | D20: =D29 -> 7.6 | E20: =F29/2 -> 1.25 | F20: 0.05 | G20: =PRODUCT(C20:F20) -> 0.475
B21: Sub-total | G21: =SUM(G20:G20) -> 0.475 | H21: m3 | I21: 10964.46 | J21: =G21*I21 -> 5208.1185
B22: -13% VAT for cement | J22: =0.13*G21*(53818.03)/15 -> 221.55089
B23: -13% VAT for sand | J23: =0.13*G21*(21432.6)/15 -> 88.23087
B24: -13% VAT for aggregate | J24: =0.13*G21*(25719.12+13573.98+4286.52)/15 -> 179.40277
B25: -13% VAT for formworks | J25: =0.13*G21*(6325.7)/15 -> 26.040798
B26: -13% VAT for water | J26: =0.13*G21*(310)/5 -> 3.8285
A28: 4 | B28: Providing and laying Plum concrete ( Boulder mixed concrete) including form work and 110mm dia PN6 HDPE pipe for Weep hole as per Drawing and Specifications, 60% M 15 concrete and 40% boulders/stones, using Mechanical Aids
B29: =B20 -> -for wall | C29: 1 | D29: 7.6 | E29: =((F29/2)+0.45)/2 -> 0.85 | F29: 2.5 | G29: =PRODUCT(C29:F29) -> 16.15
B30: Sub-total | G30: =SUM(G29:G29) -> 16.15 | H30: m3 | I30: 9860.43 | J30: =G30*I30 -> 159245.94
B31: -13% VAT for cement | J31: =0.13*G30*(22152.7)/10 -> 4650.9594
B32: -13% VAT for sand | J32: =0.13*G30*(9525.6)/10 -> 1999.8997
B33: -13% VAT for boulder | J33: =0.13*G30*(11331.936)/10 -> 2379.14
B34: -13% VAT for aggregate | J34: =0.13*G30*(10954.44+5228.496+2286.144)/10 -> 3877.5833
B35: -13% VAT for formwork and 110mm PN6 HDPEpipe | J35: =0.13*G30*(3564.01)/10 -> 748.2639
A37: 5 | B37: g/d k|sf/sf] Sn] / l;N6L df6f]df ;j} lsl;dsf] vGg] sfd
B38: -for foundation | C38: 4 | D38: =Sheet1!B4 -> 1.5 | E38: =Sheet1!C4 -> 1.5 | F38: =Sheet1!D4 -> 1.5 | G38: =PRODUCT(C38:F38) -> 13.5
B39: -for toe wall | C39: 4 | D39: =Sheet1!K4 -> 2.3876867 | E39: 0.23 | F39: 0.5 | G39: =PRODUCT(C39:F39) -> 1.0983359
B40: Sub-total | G40: =SUM(G38:G39) -> 14.598336 | H40: cum | I40: 674.12 | J40: =G40*I40 -> 9841.0302
A42: 6 | B42: ;'Vvf O{6f RofK6f] 5fKg] sfd
B43: =B38 -> -for foundation | C43: =C38 -> 4 | D43: =Sheet1!B4 -> 1.5 | E43: =Sheet1!C4 -> 1.5 | G43: =PRODUCT(C43:F43) -> 9
B44: =B39 -> -for toe wall | C44: =C39 -> 4 | D44: =Sheet1!K4 -> 2.3876867 | E44: =E39 -> 0.23 | G44: =PRODUCT(C44:F44) -> 2.1966717
B45: -for flooring | C45: 1 | D45: =Sheet1!R4 -> 3.5669918 | E45: =D45 -> 3.5669918 | G45: =PRODUCT(C45:F45) -> 12.72343
B46: =B173 -> -for peti works | C46: 2 | D46: =Sheet1!H4 -> 4.2669918 | E46: 0.45 | G46: =PRODUCT(C46:F46) -> 3.8402926
C47: 2 | D47: =Sheet1!H4+0.45 -> 4.7169918 | E47: 0.45 | G47: =PRODUCT(C47:F47) -> 4.2452926
B48: Sub-total | G48: =SUM(G43:G47) -> 32.005687 | H48: sqm | I48: 1017.47 | J48: =G48*I48 -> 32564.827
B49: -13% VAT for brick | J49: =0.13*G48*6360.9/10 -> 2646.6047
B50: -13% VAT for sand | J50: =0.13*G48*2256.3/10 -> 938.78762
A52: 7 | B52: hu leQf kvf{ndf l;d]G6 s+lqm6 ug]{ sfd-lk=;L=;L= +!M#M^_
B53: =B43 -> -for foundation | C53: =C43 -> 4 | D53: =Sheet1!B4 -> 1.5 | E53: =Sheet1!C4 -> 1.5 | F53: 0.075 | G53: =PRODUCT(C53:F53) -> 0.675
B54: =B44 -> -for toe wall | C54: =C44 -> 4 | D54: =Sheet1!K4 -> 2.3876867 | E54: =E44 -> 0.23 | F54: 0.075 | G54: =PRODUCT(C54:F54) -> 0.16475038
B55: Sub-total | G55: =SUM(G53:G54) -> 0.83975038 | H55: cum | I55: 11620.77 | J55: =G55*I55 -> 9758.546
B56: -13% VAT for cement | J56: =0.13*G55*2866.82 -> 312.96371
B57: -13% VAT for aggregate | J57: =0.13*G55*(2065.63+805.06) -> 313.38619
B58: -13% VAT for sand | J58: =0.13*G55*1350.6 -> 147.44169
B59: -13% VAT for water | J59: =0.13*G55*28 -> 3.0566914
B60: -13% VAT for diesel | J60: =0.13*G55*392.92 -> 42.894114
B61: -13% VAT for petrol | J61: =0.13*G55*14.15 -> 1.5447208
A63: 8 | B63: d]lzgsf] k|of]u u/L hu leQf kvf{ndf l;d]G6 s+lqm6 ug]{ sfd -!M@M$_
B64: =B45 -> -for flooring | C64: =C45 -> 1 | D64: =D45 -> 3.5669918 | E64: =E45 -> 3.5669918 | F64: 0.1 | G64: =PRODUCT(C64:F64) -> 1.272343
B65: =B46 -> -for peti works | C65: =C46 -> 2 | D65: =D46 -> 4.2669918 | E65: =E46 -> 0.45 | F65: 0.075 | G65: =PRODUCT(C65:F65) -> 0.28802194
C66: =C47 -> 2 | D66: =D47 -> 4.7169918 | E66: =E47 -> 0.45 | F66: 0.075 | G66: =PRODUCT(C66:F66) -> 0.31839694
B67: Sub-total | G67: =SUM(G64:G66) -> 1.8787619 | H67: cum | I67: 12884.61 | J67: =G67*I67 -> 24207.115
B68: -13% VAT for cement | J68: =0.13*G67*4169.92 -> 1018.4573
B69: -13% VAT for aggregate | J69: =0.13*G67*(1652.5+1106.96) -> 673.96789
B70: -13% VAT for sand | J70: =0.13*G67*1414.16 -> 345.39309
B71: -13% VAT for water | J71: =0.13*G67*36.4 -> 8.8903014
B72: -13% VAT for water | J72: =0.13*G67*392.92 -> 95.966407
B73: -13% VAT for water | J73: =0.13*G67*14.15 -> 3.4559825
A75: 9 | B75: d]lzgsf] k|of]u u/L ;'k/ :6«Sr/df l;d]G6 s+lqm6 ug]{ sfd -!M!=%M#_
B76: =B53 -> -for foundation | C76: 4 | D76: =Sheet1!B4 -> 1.5 | E76: =Sheet1!C4 -> 1.5 | F76: =Sheet1!G4 -> 0.35 | G76: =PRODUCT(C76:F76) -> 3.15
B77: -for neck column | C77: 4 | D77: =Sheet1!O4 -> 0.35 | E77: =Sheet1!O4 -> 0.35 | F77: =Sheet1!P4 -> 1.37 | G77: =PRODUCT(C77:F77) -> 0.6713
B78: -for tie beam | C78: =C54 -> 4 | D78: =Sheet1!R4 -> 3.5669918 | E78: =Sheet1!S4 -> 0.23 | F78: =Sheet1!T4 -> 0.23 | G78: =PRODUCT(C78:F78) -> 0.75477546
B79: -GF column | C79: 4 | D79: =Sheet1!O4 -> 0.35 | E79: =Sheet1!O4 -> 0.35 | F79: =Sheet1!Q4 -> 3.0722341 | G79: =PRODUCT(C79:F79) -> 1.5053947
B80: -for beam | C80: 4 | D80: =Sheet1!R4 -> 3.5669918 | E80: =E78 -> 0.23 | F80: 0.23 | G80: =PRODUCT(C80:F80) -> 0.75477546
B81: -for support beam | C81: 2 | D81: =Sheet1!R4 -> 3.5669918 | E81: 0.23 | F81: =Sheet1!W4 -> 0.35 | G81: =PRODUCT(C81:F81) -> 0.57428568
B82: -for column over support beam | C82: 4 | D82: =0.23 -> 0.23 | E82: 0.23 | F82: 1.8 | G82: =PRODUCT(C82:F82) -> 0.38088
B83: -beam for inclined support | C83: =4 -> 4 | D83: =6.5/3.281 -> 1.9811033 | E83: 0.23 | F83: 0.23 | G83: =PRODUCT(C83:F83) -> 0.41920146
B84: -for inclined slab | C84: 4 | D84: =((12.75+7.5)/2)/3.281 -> 3.0859494 | E84: =3/3.281 -> 0.91435538 | F84: 0.1 | G84: =PRODUCT(C84:F84) -> 1.1286618
B85: -for cantilever | C85: 2 | D85: =Sheet1!H4 -> 4.2669918 | E85: 0.6 | F85: 0.1 | G85: =PRODUCT(C85:F85) -> 0.51203901
C86: 2 | D86: =(Sheet1!H4+E85*2) -> 5.4669918 | E86: 0.6 | F86: 0.1 | G86: =PRODUCT(C86:F86) -> 0.65603901
B87: -beam for top roof inclined support | C87: =4 -> 4 | D87: =6.5/3.281 -> 1.9811033 | E87: 0.23 | F87: 0.23 | G87: =PRODUCT(C87:F87) -> 0.41920146
B88: -top roof | C88: 4 | D88: =3.33/3.281 -> 1.0149345 | E88: =4/3.281 -> 1.2191405 | F88: 0.075 | G88: =PRODUCT(C88:F88) -> 0.37120432
B89: -for cantilever | C89: 2 | D89: =(8+1.75*2)/3.281 -> 3.505029 | E89: =1.75/3.281 -> 0.53337397 | F89: 0.1 | G89: =PRODUCT(C89:F89) -> 0.37389824
C90: 2 | D90: =(8)/3.281 -> 2.438281 | E90: =1.75/3.281 -> 0.53337397 | F90: 0.1 | G90: =PRODUCT(C90:F90) -> 0.26010313
B91: Sub-total | G91: =SUM(G76:G90) -> 11.93176 | H91: cum | I91: 13957.29 | J91: =G91*I91 -> 166535.03
B92: -13% VAT for cement | J92: =0.13*G91*5212.4 -> 8085.1036
B93: -13% VAT for aggregate | J93: =0.13*G91*(1912.03+921.59) -> 4395.3095
B94: -13% VAT for sand | J94: =0.13*G91*1350.6 -> 2094.9545
B95: -13% VAT for water | J95: =0.13*G91*56 -> 86.863211
B96: -13% VAT for diesel | J96: =0.13*G91*392.92 -> 609.46951
B97: -13% VAT for petrol | J97: =0.13*G91*14.15 -> 21.948472
A99: 10 | B99: kmnfd]sf] kfOk / KnfOaf]8{af6 kmdf{ agfpg] sfd
B100: =B77 -> -for neck column | C100: =C77 -> 4 | D100: =D77 -> 0.35 | F100: =Sheet1!P4 -> 1.37 | G100: =PRODUCT(C100:F100) -> 1.918
B101: =B78 -> -for tie beam | C101: =C78 -> 4 | D101: =Sheet1!R4 -> 3.5669918 | F101: =Sheet1!T4*2 -> 0.46 | G101: =PRODUCT(C101:F101) -> 6.5632649
B102: =B79 -> -GF column | C102: =C79 -> 4 | D102: =0.35*4 -> 1.4 | F102: =Sheet1!Q4 -> 3.0722341 | G102: =PRODUCT(C102:F102) -> 17.204511
B103: =B80 -> -for beam | C103: =C80 -> 4 | D103: =D80 -> 3.5669918 | F103: =0.23*2 -> 0.46 | G103: =PRODUCT(C103:F103) -> 6.5632649
B104: =B81 -> -for support beam | C104: =C81 -> 2 | D104: =D81 -> 3.5669918 | F104: =0.23*2 -> 0.46 | G104: =PRODUCT(C104:F104) -> 3.2816324
B105: =B82 -> -for column over support beam | C105: =C82 -> 4 | D105: =D82 -> 0.23 | F105: =F82 -> 1.8 | G105: =PRODUCT(C105:F105) -> 1.656
B106: -beam for inclined support | C106: =4 -> 4 | D106: =6.5/3.281 -> 1.9811033 | F106: =2*0.23 -> 0.46 | G106: =PRODUCT(C106:F106) -> 3.6452301
B107: =B84 -> -for inclined slab | C107: =C84 -> 4 | D107: =D84 -> 3.0859494 | E107: =E84 -> 0.91435538 | G107: =PRODUCT(C107:F107) -> 11.286618
B108: =B85 -> -for cantilever | C108: =C85 -> 2 | D108: =D85 -> 4.2669918 | E108: =E85 -> 0.6 | G108: =PRODUCT(C108:F108) -> 5.1203901
C109: =C86 -> 2 | D109: =D86 -> 5.4669918 | E109: =E86 -> 0.6 | G109: =PRODUCT(C109:F109) -> 6.5603901
...

Sheet Sheet1
B2: Foundation size | E2: Footing size | H2: Plinth size | K2: Toe wall | O2: Column size | R2: Tie beam size | U2: Tie beam size
B3: Length | C3: Breadth | D3: Depth from GL | E3: Length in PL area | F3: Breadth in PL area | G3: Depth | H3: Length | I3: Breadth | J3: Depth from GL | K3: Length L1 | L3: Ht. H1 | M3: Length L2 | N3: Ht. H2 | O3: Length/B | P3: Ht. upto plinth | Q3: Ht. above PL upto ceiling | R3: Length | S3: Width | T3: Height | U3: Length | V3: Width | W3: Height
B4: 1.5 | C4: 1.5 | D4: 1.5 | E4: =3.083/3.281 -> 0.93965254 | F4: =3.083/3.281 -> 0.93965254 | G4: 0.35 | H4: =14/3.281 -> 4.2669918 | I4: =14/3.281 -> 4.2669918 | J4: 0.45 | K4: =H4-E4*2 -> 2.3876867 | L4: =0.5-0.055-0.075+J4 -> 0.82 | M4: =E4-1.17/3.281 -> 0.58305395 | N4: =D4-G4+J4 -> 1.6 | O4: 0.35 | P4: =D4-G4+J4-T4 -> 1.37 | Q4: =(10.5-0.42)/3.281 -> 3.0722341 | R4: =H4-O4*2 -> 3.5669918 | S4: 0.23 | T4: 0.23 | U4: =K4-R4*2 -> -4.7462969 | V4: 0.23 | W4: 0.35
