Workbook
Name description_262: [1]Abstract!$B$34
Name description_6: [1]Abstract!$B$172

Sheet Sheet1
A1: 152 | B1: ;'Vvf O{6f RofK6f] 5fKg] sfd .
A2: H 15 | B2: b/ ljZn]if0fsf] nflu !) j=dL= lnOPsf]
B3: ;|f]t ;fwg | C3: tx÷lsl;d | D3: kl/df0f | E3: PsfO{ | F3: b/ k|lt PsfO{ | G3: /sd | H3: k|To]s ;|f]t ;fwgsf] hDdf
B4: >lds | C4: s_ l;kfn' | D4: 0.5 | E4: hjfg | F4: 1330 | G4: =FLOOR(D4*F4,0.01) -> 665
C5: v_ HofdL | D5: 1 | E5: hjfg | F5: 1000 | G5: =FLOOR(D5*F5,0.01) -> 1000 | H5: =SUM(G4+G5) -> 1665
B6: lgdf{0f ;fdu|L | C6: O{6f | D6: =420*0 -> 0 | E6: uf]6f | F6: 15.145 | G6: =FLOOR(D6*F6,0.01) -> 0
C7: jfn'jf vf]nfsf] | D7: =0.71*0 -> 0 | E7: 3=dL= | F7: 3389.76 | G7: =FLOOR(D7*F7,0.01) -> 0 | H7: =SUM(G6:G7) -> 0
F8: jf:tljs b//]6 | H8: =SUM(H7,H5) -> 1665
B9: b/ k|lt j=dL=sf] | F9: !%Ü 7]s]bf/ cf]e/x]8 | H9: =FLOOR(H8*0.15,0.01) -> 249.75
B10: =+H10 -> 1914.75 | C10: Ö ?= | D10: =INT(B10/B11*100)/100 -> 191.47 | E10: k}= | F10: hDdf b/ /]6 | H10: =SUM(H8:H9) -> 1914.75
B11: 10

Sheet Size of water tank
A1: Length | B1: Breadth | C1: Height | D1: Slab thickness | E1: Cover for slab | F1: Shear wall thickness | G1: Cover for shear wall | H1: Soiling thickness | I1: PCC | J1: Vertical rebar | K1: Opening | M1: Fillet
K2: Length | L2: Breadth | M2: Length | N2: Height
A3: =14.5/3.281 -> 4.4193843 | B3: =14/3.281 -> 4.2669918 | C3: =5.5/3.281 -> 1.6763182 | D3: 0.125 | E3: 0.025 | F3: =8/12/3.281 -> 0.20319008 | G3: =1.5/12/3.281 -> 0.038098141 | H3: 0.05 | I3: 0.075 | J3: 8 | K3: =2/3.281 -> 0.60957025 | L3: =2/3.281 -> 0.60957025 | M3: =1/3.281 -> 0.30478513 | N3: =1/3.281 -> 0.30478513
J4: =57*J3/1000 -> 0.456 | M4: =SQRT(('Size of water tank'!M3)^2+('Size of water tank'!N3)^2) -> 0.43103126

Sheet estimated
A1: Government of Nepal
A2: Shankharapur Municipality
A3: Shankhu, Kathmandu
A4: Detail Estimate Sheet
A5: Project:-gfªn]ef/] :jf:yo rf}sL kfgL 6\ofÍL dd{t tyf j8f sfof{no sDkfp08 /+u/f]ug | J5: F.Y.:-2083/084
A6: Location:- Shankharapur Municipality- 1 | H6: Date: 2082/04/01
A8: S.N. | B8: Description of work | C8: No. | D8: Length | E8: Breadth | F8: Height | G8: Quantity | H8: Unit | I8: Rate | J8: Amount | K8: Remark
A9: A. | B9: kfgL 6\ofÍL dd{t
A10: 1 | B10: Kn]g l;d]G6 sqmL6 jf jh| s+qmL6 eTsfO{ !) dL= k/ x6fpg] sfd
B11: -water tank | C11: 1 | D11: 5 | E11: =11/3.281 -> 3.3526364 | F11: 0.075 | G11: =PRODUCT(C11:F11) -> 1.2572386
G12: =SUM(G11:G11) -> 1.2572386 | H12: cum | I12: =3740 -> 3740 | J12: =G12*I12 -> 4702.0725
A14: 2 | B14: l;d]G6 jf jh|df hf]8]sf] uf/f] eTsfO{ To;af6 cfPsf] ;fdfu+|L !) dL
B15: =B11 -> -water tank | C15: 2 | D15: =D11 -> 5 | E15: 0.23 | F15: 1.4 | G15: =PRODUCT(C15:F15) -> 3.22
C16: 2 | D16: =E11-0.23*2 -> 2.8926364 | E16: 0.23 | F16: 1.4 | G16: =PRODUCT(C16:F16) -> 1.8628578
C17: 1 | D17: =D11 -> 5 | E17: 0.23 | F17: 0.45 | G17: =PRODUCT(C17:F17) -> 0.5175
G18: =SUM(G15:G17) -> 5.6003578 | H18: cum | I18: =1982.2 -> 1982.2 | J18: =G18*I18 -> 11101.029
A20: 3 | B20: ;fx|f] k|sf/sf] Sn], g/d d'/d 9'+uf -#) ;]=dL=;Dd_ ld;]sf] df6f]df ;j} lsl;dsf] vGg] sfd
C21: 1 | D21: ='Size of water tank'!A3+0.15 -> 4.5693843 | E21: ='Size of water tank'!B3+0.15 -> 4.4169918 | F21: 0.125 | G21: =PRODUCT(C21:F21) -> 2.5228666
G22: =SUM(G21) -> 2.5228666 | H22: cum | I22: =770.43 -> 770.43 | J22: =G22*I22 -> 1943.6921
A24: 4 | B24: ;'Vvf O{6f RofK6f] 5fKg] sfd
B25: -for flooring | C25: =C21 -> 1 | D25: =D21 -> 4.5693843 | E25: =E21 -> 4.4169918 | G25: =PRODUCT(C25:F25) -> 20.182933
G26: =SUM(G25) -> 20.182933 | H26: sqm | I26: =Sheet1!H8/10 -> 166.5 | J26: =G26*I26 -> 3360.4583
A28: 5 | B28: hu leQf kvf{ndf l;d]G6 s+lqm6 ug]{ sfd -lk=;L=;L= !M@M$_
B29: =B25 -> -for flooring | C29: =C21 -> 1 | D29: =D21 -> 4.5693843 | E29: =E21 -> 4.4169918 | F29: ='Size of water tank'!I3 -> 0.075 | G29: =PRODUCT(C29:F29) -> 1.51372
G30: =SUM(G29) -> 1.51372 | H30: cum | I30: =13351.1 -> 13351.1 | J30: =G30*I30 -> 20209.827
A32: 6 | B32: cf/=;L=;L= nflu !) ld=ld= kmnfd] 808L sf6\g], df]8\g] #) dL6/ ;Dd
B33: -Along long length | C33: =TRUNC(('Size of water tank'!A3-'Size of water tank'!G3*2)/0.15,0)+1 -> 29 | D33: =('Size of water tank'!B3-'Size of water tank'!G3*2)+(('Size of water tank'!C3+'Size of water tank'!D3*2-'Size of water tank'!E3*4)*2)+((57*'Size of water tank'!J3/1000)*2) -> 8.7554319 | F33: =10*10/162 -> 0.61728395 | G33: =PRODUCT(C33:F33) -> 156.73304
C34: =TRUNC(('Size of water tank'!A3-'Size of water tank'!F3*2+'Size of water tank'!G3*2)/0.15,0)+1 -> 28 | D34: =('Size of water tank'!B3-'Size of water tank'!F3*2+'Size of water tank'!G3*2)+(('Size of water tank'!C3+'Size of water tank'!D3*2-'Size of water tank'!E3*4)*2)+((57*'Size of water tank'!J3/1000)*2) -> 8.5014443 | F34: =10*10/162 -> 0.61728395 | G34: =PRODUCT(C34:F34) -> 146.93854
B35: -Along short length | C35: =TRUNC(('Size of water tank'!B3-'Size of water tank'!G3*2)/0.15,0)+1 -> 28 | D35: =('Size of water tank'!A3-'Size of water tank'!G3*2)+(('Size of water tank'!C3+'Size of water tank'!D3*2-'Size of water tank'!E3*4)*2)+((57*'Size of water tank'!J3/1000)*2) -> 8.9078244 | F35: =10*10/162 -> 0.61728395 | G35: =PRODUCT(C35:F35) -> 153.9624
C36: =TRUNC(('Size of water tank'!B3-'Size of water tank'!F3*2+'Size of water tank'!G3*2)/0.15,0)+1 -> 27 | D36: =('Size of water tank'!A3-'Size of water tank'!F3*2+'Size of water tank'!G3*2)+(('Size of water tank'!C3+'Size of water tank'!D3*2-'Size of water tank'!E3*4)*2)+((57*'Size of water tank'!J3/1000)*2) -> 8.6538368 | F36: =10*10/162 -> 0.61728395 | G36: =PRODUCT(C36:F36) -> 144.23061
B37: -binder | C37: =TRUNC(('Size of water tank'!C3+'Size of water tank'!D3-'Size of water tank'!E3)/0.15,0)+1 -> 12 | D37: =('Size of water tank'!A3-'Size of water tank'!G3*2)*2+('Size of water tank'!B3-'Size of water tank'!G3*2)*2 -> 17.067967 | F37: =8*8/162 -> 0.39506173 | G37: =PRODUCT(C37:F37) -> 80.914807
C38: =TRUNC(('Size of water tank'!C3+'Size of water tank'!E3)/0.15,0)+1 -> 12 | D38: =('Size of water tank'!A3-'Size of water tank'!F3*2+'Size of water tank'!G3*2)*2+('Size of water tank'!B3-'Size of water tank'!F3*2+'Size of water tank'!G3*2)*2 -> 16.052017 | F38: =8*8/162 -> 0.39506173 | G38: =PRODUCT(C38:F38) -> 76.098449
B39: -Slab | C39: =2*(TRUNC(('Size of water tank'!B3-'Size of water tank'!G3*2)/0.15,0)+1) -> 56 | D39: ='Size of water tank'!A3 -> 4.4193843 | F39: =8*8/162 -> 0.39506173 | G39: =PRODUCT(C39:F39) -> 97.772058
C40: =2*(TRUNC(('Size of water tank'!A3-'Size of water tank'!G3*2)/0.15,0)+1) -> 58 | D40: ='Size of water tank'!B3 -> 4.2669918 | F40: =8*8/162 -> 0.39506173 | G40: =PRODUCT(C40:F40) -> 97.772058
B41: -deduction for opening | C41: =-2*(TRUNC('Size of water tank'!L3/0.15,0)+1) -> -10 | D41: ='Size of water tank'!K3 -> 0.60957025 | F41: =8*8/162 -> 0.39506173 | G41: =PRODUCT(C41:F41) -> -2.4081788
C42: =-2*(TRUNC('Size of water tank'!K3/0.15,0)+1) -> -10 | D42: ='Size of water tank'!L3 -> 0.60957025 | F42: =8*8/162 -> 0.39506173 | G42: =PRODUCT(C42:F42) -> -2.4081788
B43: -for fillet | C43: =2*(TRUNC(((('Size of water tank'!A3-'Size of water tank'!F3*2)+('Size of water tank'!A3-'Size of water tank'!F3*2-'Size of water tank'!M3*2))/2)/0.15,0)+1) -> 50 | D43: =(2*57*('Size of water tank'!J3/1000))+SQRT(('Size of water tank'!M3)^2+('Size of water tank'!N3)^2) -> 1.3430313 | F43: =8*8/162 -> 0.39506173 | G43: =PRODUCT(C43:F43) -> 26.529013
C44: =2*(TRUNC(((('Size of water tank'!B3-'Size of water tank'!F3*2)+('Size of water tank'!B3-'Size of water tank'!F3*2-'Size of water tank'!M3*2))/2)/0.15,0)+1) -> 48 | D44: =(2*57*('Size of water tank'!J3/1000))+SQRT(('Size of water tank'!M3)^2+('Size of water tank'!N3)^2) -> 1.3430313 | F44: =8*8/162 -> 0.39506173 | G44: =PRODUCT(C44:F44) -> 25.467852
B45: -binder | C45: =TRUNC(((SQRT(('Size of water tank'!M3)^2+('Size of water tank'!N3)^2))/0.15)+1)-2 -> 1 | D45: =(((('Size of water tank'!A3-'Size of water tank'!F3*2)+('Size of water tank'!A3-'Size of water tank'!F3*2-'Size of water tank'!M3*2))/2)+((('Size of water tank'!B3-'Size of water tank'!F3*2)+('Size of water tank'!B3-'Size of water tank'!F3*2-'Size of water tank'!M3*2))/2))*2 -> 14.528091 | F45: =8*8/162 -> 0.39506173 | G45: =PRODUCT(C45:F45) -> 5.7394928
B46: -for kitchen setup at ward office | C46: =TRUNC((D47-0.1)/0.15,0)+1 -> 5 | D46: 1.5 | F46: =12*12/162 -> 0.88888889 | G46: =PRODUCT(C46:F46) -> 6.6666667
C47: =TRUNC(D46/0.15,0)+1 -> 11 | D47: =2.33/3.281 -> 0.71014934 | F47: =12*12/162 -> 0.88888889 | G47: =PRODUCT(C47:F47) -> 6.9436825
G48: =SUM(G33:G47) -> 1020.9523 | H48: kg | I48: =132360/1000 -> 132.36 | J48: =G48*I48 -> 135133.25
A50: 7 | B50: kmnfd]sf] kfOk / KnfOaf]8{af6 kmdf{ agfpg] sfd
B51: -For shear wall | C51: 1 | D51: =('Size of water tank'!A3+'Size of water tank'!B3)*2 -> 17.372752 | F51: ='Size of water tank'!C3+'Size of water tank'!D3 -> 1.8013182 | G51: =PRODUCT(C51:F51) -> 31.293855
C52: 1 | D52: =(('Size of water tank'!A3-'Size of water tank'!F3*2)+('Size of water tank'!B3-'Size of water tank'!F3*2))*2 -> 15.747232 | F52: ='Size of water tank'!C3+'Size of water tank'!D3-'Size of water tank'!N3 -> 1.4965331 | G52: =PRODUCT(C52:F52) -> 23.566253
B53: -for slab | C53: 1 | D53: ='Size of water tank'!A3-'Size of water tank'!F3*2 -> 4.0130042 | E53: ='Size of water tank'!B3-'Size of water tank'!F3*2 -> 3.8606116 | G53: =PRODUCT(C53:F53) -> 15.49265
B54: -deduction for opening | C54: -1 | D54: ='Size of water tank'!K3 -> 0.60957025 | E54: ='Size of water tank'!L3 -> 0.60957025 | G54: =PRODUCT(C54:F54) -> -0.37157589
B55: =B46 -> -for kitchen setup at ward office | C55: 1 | D55: =D46 -> 1.5 | E55: =D47 -> 0.71014934 | G55: =PRODUCT(C55:F55) -> 1.065224
G56: =SUM(G51:G55) -> 71.046406 | H56: sqm | I56: =922.71 -> 922.71 | J56: =G56*I56 -> 65555.229
A58: 8 | B58: d]lzgsf] k|of]u u/L ;'k/ :6«Sr/df l;d]G6 s+lqm6 ug]{ sfd -!M!=%M#_
B59: -floor and slab | C59: 2 | D59: ='Size of water tank'!A3 -> 4.4193843 | E59: ='Size of water tank'!B3 -> 4.2669918 | F59: ='Size of water tank'!D3 -> 0.125 | G59: =PRODUCT(C59:F59) -> 4.7143691
B60: -shear wall | C60: 2 | D60: ='Size of water tank'!A3 -> 4.4193843 | E60: ='Size of water tank'!F3 -> 0.20319008 | F60: ='Size of water tank'!C3 -> 1.6763182 | G60: =PRODUCT(C60:F60) -> 3.0105839
C61: 2 | D61: ='Size of water tank'!B3-'Size of water tank'!F3*2 -> 3.8606116 | E61: ='Size of water tank'!F3 -> 0.20319008 | F61: ='Size of water tank'!C3 -> 1.6763182 | G61: =PRODUCT(C61:F61) -> 2.6299354
B62: -fillet | C62: =2*0.5 -> 1 | D62: =(('Size of water tank'!A3-('Size of water tank'!F3)*2)+('Size of water tank'!A3-('Size of water tank'!F3)*2-('Size of water tank'!M3)*2))/2 -> 3.708219 | E62: ='Size of water tank'!M3 -> 0.30478513 | F62: ='Size of water tank'!N3 -> 0.30478513 | G62: =PRODUCT(C62:F62) -> 0.3444712
C63: =2*0.5 -> 1 | D63: =(('Size of water tank'!B3-'Size of water tank'!F3*2)+('Size of water tank'!B3-'Size of water tank'!F3*2-'Size of water tank'!M3*2))/2 -> 3.5558265 | E63: ='Size of water tank'!M3 -> 0.30478513 | F63: ='Size of water tank'!N3 -> 0.30478513 | G63: =PRODUCT(C63:F63) -> 0.33031485
B64: -deduction for opening | C64: -1 | D64: 0.6 | E64: 0.6 | F64: =0.42/3.281 -> 0.12800975 | G64: =PRODUCT(C64:F64) -> -0.046083511
B65: =B55 -> -for kitchen setup at ward office | C65: 1 | D65: =D55 -> 1.5 | E65: =E55 -> 0.71014934 | F65: 0.125 | G65: =PRODUCT(C65:F65) -> 0.133153
G66: =SUM(G59:G65) -> 11.116744 | H66: cum | I66: =13957.29 -> 13957.29 | J66: =G66*I66 -> 155159.62
A68: 9 | B68: !@=% dL=dL= l;d]G6 afn'jf -!M$_ Knfi6/
B69: -At shear wall | C69: 2 | D69: ='Size of water tank'!A3-'Size of water tank'!F3*2 -> 4.0130042 | F69: ='Size of water tank'!C3-'Size of water tank'!N3 -> 1.3715331 | G69: =PRODUCT(C69:F69) -> 11.007936
C70: 2 | D70: ='Size of water tank'!B3-'Size of water tank'!F3*2 -> 3.8606116 | F70: ='Size of water tank'!C3-'Size of water tank'!N3 -> 1.3715331 | G70: =PRODUCT(C70:F70) -> 10.589913
B71: -at fillet | C71: 1 | D71: =D62*2+D63*2 -> 14.528091 | F71: =SQRT(('Size of water tank'!M3)^2+('Size of water tank'!N3)^2) -> 0.43103126 | G71: =PRODUCT(C71:F71) -> 6.2620614
B72: =B103 -> -for kitchen | C72: =C103 -> 3 | D72: =D103 -> 0.71014934 | F72: =F103 -> 0.8 | G72: =PRODUCT(C72:F72) -> 1.7043584
G73: =SUM(G69:G72) -> 29.564269 | H73: sqm | I73: =415.5 -> 415.5 | J73: =G73*I73 -> 12283.954
A75: 10 | B75: l;d]G6 s+qmL6 ˆnf]l/Ë -!M@M$_ -#* dL=dL=_
B76: -at water tank | C76: 1 | D76: ='Size of water tank'!A3-'Size of water tank'!F3*2-'Size of water tank'!M3*2 -> 3.4034339 | E76: ='Size of water tank'!B3-'Size of water tank'!F3*2-'Size of water tank'!M3*2 -> 3.2510413 | G76: =PRODUCT(C76:F76) -> 11.064704
B77: -at roof of ward office | C77: 1 | D77: =13.583/3.281 -> 4.1398964 | E77: =16.75/3.281 -> 5.1051509 | G77: =PRODUCT(C77:F77) -> 21.134796
B78: -at cantilever | C78: 1 | D78: =(30.083+29.917+16.083)/3.281 -> 23.188967 | E78: 0.45 | G78: =PRODUCT(C78:F78) -> 10.435035
C79: 1 | D79: =21/3.281 -> 6.4004877 | E79: =0.9 -> 0.9 | G79: =PRODUCT(C79:F79) -> 5.7604389
C80: 1 | D80: =(33.5+16.5)/3.281 -> 15.239256 | E80: 0.6 | G80: =PRODUCT(C80:F80) -> 9.1435538
C81: 1 | D81: =33.917/3.281 -> 10.337397 | E81: 0.6 | G81: =PRODUCT(C81:F81) -> 6.2024383
G82: =SUM(G76:G81) -> 63.740966 | H82: sqm | I82: =689.98 -> 689.98 | J82: =G82*I82 -> 43979.992
A84: 11 | B84: # dL=dL= df]6fO{ d;Lgf] l;d]G6 3f]6\g] sfd
B85: =B69 -> -At shear wall | C85: =C60 -> 2 | D85: =D69 -> 4.0130042 | F85: =F69 -> 1.3715331 | G85: =PRODUCT(C85:F85) -> 11.007936
C86: =C61 -> 2 | D86: =D70 -> 3.8606116 | F86: =F70 -> 1.3715331 | G86: =PRODUCT(C86:F86) -> 10.589913
B87: -for fillet | C87: 1 | D87: =D71 -> 14.528091 | F87: =F71 -> 0.43103126 | G87: =PRODUCT(C87:F87) -> 6.2620614
B88: -at floor | C88: 1 | D88: =D76 -> 3.4034339 | E88: =E76 -> 3.2510413 | G88: =PRODUCT(C88:F88) -> 11.064704
B89: =B77 -> -at roof of ward office | C89: =C77 -> 1 | D89: =D77 -> 4.1398964 | E89: =E77 -> 5.1051509 | G89: =PRODUCT(C89:F89) -> 21.134796
B90: =B78 -> -at cantilever | C90: =C78 -> 1 | D90: =D78 -> 23.188967 | E90: =E78 -> 0.45 | G90: =PRODUCT(C90:F90) -> 10.435035
C91: =C79 -> 1 | D91: =D79 -> 6.4004877 | E91: =E79 -> 0.9 | G91: =PRODUCT(C91:F91) -> 5.7604389
C92: =C80 -> 1 | D92: =D80 -> 15.239256 | E92: =E80 -> 0.6 | G92: =PRODUCT(C92:F92) -> 9.1435538
C93: =C81 -> 1 | D93: =D81 -> 10.337397 | E93: =E81 -> 0.6 | G93: =PRODUCT(C93:F93) -> 6.2024383
G94: =SUM(G85:G93) -> 91.600876 | H94: sqm | I94: =287.32 -> 287.32 | J94: =G94*I94 -> 26318.764
A96: 12 | B96: square frame medium duty 24"X24 | C96: 1 | G96: =PRODUCT(C96:F96) -> 1 | H96: no. | I96: 4659 | J96: =G96*I96 -> 4659
A98: 13 | B98: -!M@ efudf jf6/ k|'km sDkfp08 ld;fO{ 8]Dk k|'lkm+Ë ug
B99: -as of item no. 11 | C99: 1 | D99: =G94 -> 91.600876 | G99: =PRODUCT(C99:F99) -> 91.600876
G100: =SUM(G99:G99) -> 91.600876 | H100: sqm | I100: =452.86 -> 452.86 | J100: =G100*I100 -> 41482.373
A102: 14 | B102: e'O{+tNnfdf lrDgL e§fsf] O{+6fsf] uf/f] l;d]G6 d;nf -!M$_ df
B103: -for kitchen | C103: 3 | D103: =2.33/3.281 -> 0.71014934 | E103: 0.1 | F103: 0.8 | G103: =PRODUCT(C103:F103) -> 0.17043584
G104: =SUM(G103:G103) -> 0.17043584 | H104: cum | I104: =15170.83 -> 15170.83 | J104: =G104*I104 -> 2585.6532
A106: 15 | B106: !^ dL=dL=u|]gfO{6, l;d]G6 d;nfdf 5fkL 3f]6\g] / kflnz ;d]t ug{
B107: -for kitchen | C107: =1 -> 1 | D107: =5/3.281 -> 1.5239256 | E107: =2.33/3.281 -> 0.71014934 | G107: =PRODUCT(C107:F107) -> 1.0822148
G108: =SUM(G107:G107) -> 1.0822148 | H108: sqm | I108: =7012.25 -> 7012.25 | J108: =G108*I108 -> 7588.7607
A110: 16 | B110: kf]/l;lng Un]H8 6fO{n(Ordinary floor and Wall Tile-as per approved standard of manufactured country) !M$ l;d]G6 afn'jfdf 5fKg] sfd .
B111: -for kitchen | C111: 1 | D111: 3.23 | E111: =13.33/3.281 -> 4.0627857 | G111: =PRODUCT(C111:F111) -> 13.122798
B112: -deduction for kitchen part | C112: -1 | D112: =5/3.281 -> 1.5239256 | E112: =#REF! -> #REF! | G112: =PRODUCT(C112:F112) -> #REF!
B113: -at wall | C113: 1 | D113: =D112 -> 1.5239256 | E113: =2.5/3.281 -> 0.76196282 | G113: =PRODUCT(C113:F113) -> 1.1611747
G114: =SUM(G111:G113) -> #REF! | H114: sqm | I114: 2988.15 | J114: =G114*I114 -> #REF!
A115: 17 | B115: ;'Vvf O{6f 7f8f] 5fKg] sfd
B116: -for rounding around plants | C116: 50 | D116: =2.5/3.281 -> 0.76196282 | E116: =2.5/12/3.281 -> 0.063496901 | G116: =C116*(2*(D116/2)*PI())*E116 -> 7.5998704
...
