Workbook
Name description_103: #REF!
Name description_103: [1]Abstract!$B$16
Name description_124: #REF!
Name description_124: #REF!
Name description_124: #REF!
Name description_247: #REF!
Name description_247: [1]Abstract!$B$22
Name description_248: #REF!
Name description_248: [1]Abstract!$B$23
Name description_261: #REF!
Name description_261: [2]Abstract!$B$33
Name description_262: #REF!
Name description_262: [1]Abstract!$B$34
Name description_276: #REF!
Name description_276: [3]Abstract!$B$40
Name description_3: #REF!
Name description_3: [1]Abstract!$B$169
Name description_310: #REF!
Name description_310: #REF!
Name description_310: #REF!
Name description_312: #REF!
Name description_312: #REF!
Name description_312: #REF!
Name description_4: #REF!
Name description_5: #REF!
Name description_5: [1]Abstract!$B$171
Name description_6: #REF!
Name description_6: #REF!
Name description_6: #REF!
Name description_759: #REF!
Name description_759: [1]Abstract!$B$278
Name description_781: #REF!
Name description_781: #REF!
Name description_781: #REF!
Name description_783: #REF!
Name description_783: [1]Abstract!$B$301
Name description_784: #REF!
Name description_784: [3]Abstract!$B$300

Sheet estimate
A1: Government of Nepal
A2: Shankharapur Municipality Office
A3: Bagmati Province
A4: Sankhu, Kathmandu
A5: Detail Estimated Sheet
A6: Project:- जलेको गोठ नयाँ बनाउने कार्य | H6: F.Y.: 2083/2084
A7: Location:- Shankharapur Municipality 1 | H7: Date:2083/04/26
A8: S.N. | B8: Description of work | C8: No. | D8: Length | E8: Breadth | F8: Height | G8: Quantity | H8: Unit | I8: Rate | J8: Amount | K8: Remark
A9: 1 | B9: ).#^ lblv ).$ dL.dL.afSnf] sf]?u]6]8 /+lug ss{6 kftfsf] 5fgf 5fpg] sfd
B10: -upper portion | C10: 2 | D10: =10/3.281 -> 3.0478513 | E10: =7.25*3.281 -> 23.78725 | G10: =PRODUCT(C10:F10) -> 145
C11: 1 | D11: 5.4 | E11: 1.5 | G11: =PRODUCT(C11:F11) -> 8.1
B12: sub-total | G12: =SUM(G10:G11) -> 153.1 | H12: sqm | I12: 1092.46 | J12: =G12*I12 -> 167255.63
A14: 2 | B14: Information board (सुचना पाटि) | C14: 1 | G14: =PRODUCT(C14:F14) -> 1 | H14: no. | I14: 500 | J14: =G14*I14 -> 500
B16: Total | J16: =SUM(J10:J14) -> 167755.63
B18: Total Estimated | C18: =J16 -> 167755.63 | E18: 100
B19: Budget allocated | C19: 150000
B20: Municipal payment | C20: =C19-C22-C23 -> 142500 | E20: =C20/C18*100 -> 84.94499
B21: User contribution | C21: =C18-C20 -> 25255.626 | E21: =100-E20 -> 15.05501
B22: Contingencies | C22: =C19*0.03 -> 4500 | E22: 3
B23: Maintanince | C23: =C19*0.02 -> 3000 | E23: 2

Sheet WCR
A1: Government of Nepal
A2: Shankharapur Municipality Office
A3: Bagmati Province
A4: Sankhu, Kathmandu
A5: Work Completion Report
A6: Total Estimated Amount: | C6: =F49 -> #REF! | H6: Total Valuated Amount : | J6: =I49 -> #REF!
A7: Work Started : | I7: Work Finished:
A8: =estimate!A6 -> Project:- जलेको गोठ नयाँ बनाउने कार्य | I8: F.Y:2082/2083
A9: Location:- Shankharapur Municipality 1 | I9: Date:2083/03/15
A11: S.No. | B11: Description | C11: Unit | D11: Estimated | G11: Valuated | J11: Difference | K11: Remarks
D12: Quantity | E12: Rate | F12: Amount | G12: Quantity | H12: Rate | I12: Amount
A13: =estimate!#REF! -> #REF! | B13: =estimate!#REF! -> #REF! | C13: =estimate!#REF! -> #REF! | D13: =estimate!#REF! -> #REF! | E13: =estimate!#REF! -> #REF! | F13: =D13*E13 -> #REF! | G13: =#REF! -> #REF! | H13: =#REF! -> #REF! | I13: =G13*H13 -> #REF! | J13: =I13-F13 -> #REF! | M13: =1.25*F13 -> #REF!
B14: =[4]estimate!B12 -> -13% VAT for excavator | F14: =estimate!#REF! -> #REF! | I14: =#REF! -> #REF! | J14: =I14-F14 -> #REF! | M14: =1.25*F14 -> #REF!
A16: =estimate!A9 -> 1 | B16: =estimate!B9 -> ).#^ lblv ).$ dL.dL.afSnf] sf]?u]6]8 /+lug ss{6 kftfsf] 5fgf 5fpg] sfd | C16: =estimate!H12 -> sqm | D16: =estimate!G12 -> 153.1 | E16: =estimate!I12 -> 1092.46 | F16: =D16*E16 -> 167255.63 | G16: =#REF! -> #REF! | H16: =#REF! -> #REF! | I16: =G16*H16 -> #REF! | J16: =I16-F16 -> #REF! | M16: =1.25*F16 -> 209069.53
B17: =estimate!#REF! -> #REF! | F17: =estimate!#REF! -> #REF! | I17: =#REF! -> #REF! | J17: =I17-F17 -> #REF! | M17: =1.25*F17 -> #REF!
B18: =estimate!#REF! -> #REF! | F18: =estimate!#REF! -> #REF! | I18: =#REF! -> #REF! | J18: =I18-F18 -> #REF!
B19: =estimate!#REF! -> #REF! | F19: =estimate!#REF! -> #REF! | I19: =#REF! -> #REF! | J19: =I19-F19 -> #REF!
B20: =estimate!#REF! -> #REF! | F20: =estimate!#REF! -> #REF! | I20: =#REF! -> #REF! | J20: =I20-F20 -> #REF!
A22: =estimate!#REF! -> #REF! | B22: =estimate!#REF! -> #REF! | C22: =estimate!#REF! -> #REF! | D22: =estimate!#REF! -> #REF! | E22: =estimate!#REF! -> #REF! | F22: =D22*E22 -> #REF! | G22: =#REF! -> #REF! | H22: =#REF! -> #REF! | I22: =G22*H22 -> #REF! | J22: =I22-F22 -> #REF! | M22: =1.25*F22 -> #REF!
B23: =estimate!#REF! -> #REF! | F23: =estimate!#REF! -> #REF! | I23: =#REF! -> #REF! | J23: =I23-F23 -> #REF! | M23: =1.25*F23 -> #REF!
A25: =estimate!#REF! -> #REF! | B25: =estimate!#REF! -> #REF! | C25: =estimate!#REF! -> #REF! | D25: =estimate!#REF! -> #REF! | E25: =estimate!#REF! -> #REF! | F25: =D25*E25 -> #REF! | G25: =#REF! -> #REF! | H25: =#REF! -> #REF! | I25: =G25*H25 -> #REF! | J25: =I25-F25 -> #REF! | M25: =1.25*F25 -> #REF!
B26: =estimate!#REF! -> #REF! | F26: =estimate!#REF! -> #REF! | I26: =#REF! -> #REF! | J26: =I26-F26 -> #REF! | M26: =1.25*F26 -> #REF!
A28: =estimate!#REF! -> #REF! | B28: =estimate!#REF! -> #REF! | C28: =estimate!#REF! -> #REF! | D28: =estimate!#REF! -> #REF! | E28: =estimate!#REF! -> #REF! | F28: =D28*E28 -> #REF! | G28: =#REF! -> #REF! | H28: =#REF! -> #REF! | I28: =G28*H28 -> #REF! | J28: =I28-F28 -> #REF! | M28: =1.25*F28 -> #REF!
B29: =estimate!#REF! -> #REF! | F29: =estimate!#REF! -> #REF! | I29: =#REF! -> #REF! | J29: =I29-F29 -> #REF! | M29: =1.25*F29 -> #REF!
B30: =estimate!#REF! -> #REF! | F30: =estimate!#REF! -> #REF! | I30: =#REF! -> #REF! | J30: =I30-F30 -> #REF!
B31: =estimate!#REF! -> #REF! | F31: =estimate!#REF! -> #REF! | I31: =#REF! -> #REF! | J31: =I31-F31 -> #REF!
B32: =estimate!#REF! -> #REF! | F32: =estimate!#REF! -> #REF! | I32: =#REF! -> #REF! | J32: =I32-F32 -> #REF!
B33: =estimate!#REF! -> #REF! | F33: =estimate!#REF! -> #REF! | I33: =#REF! -> #REF! | J33: =I33-F33 -> #REF!
A35: =estimate!#REF! -> #REF! | B35: =estimate!#REF! -> #REF! | C35: =estimate!#REF! -> #REF! | D35: =estimate!#REF! -> #REF! | E35: =estimate!#REF! -> #REF! | F35: =D35*E35 -> #REF! | G35: =#REF! -> #REF! | H35: =#REF! -> #REF! | I35: =G35*H35 -> #REF! | J35: =I35-F35 -> #REF! | M35: =1.25*F35 -> #REF!
B36: =estimate!#REF! -> #REF! | F36: =estimate!#REF! -> #REF! | I36: =#REF! -> #REF! | J36: =I36-F36 -> #REF! | M36: =1.25*F36 -> #REF!
B37: =estimate!#REF! -> #REF! | F37: =estimate!#REF! -> #REF! | I37: =#REF! -> #REF! | J37: =I37-F37 -> #REF!
B38: =estimate!#REF! -> #REF! | F38: =estimate!#REF! -> #REF! | I38: =#REF! -> #REF! | J38: =I38-F38 -> #REF!
B39: =estimate!#REF! -> #REF! | F39: =estimate!#REF! -> #REF! | I39: =#REF! -> #REF! | J39: =I39-F39 -> #REF!
A41: =estimate!#REF! -> #REF! | B41: =estimate!#REF! -> #REF! | C41: =estimate!#REF! -> #REF! | D41: =estimate!#REF! -> #REF! | E41: =estimate!#REF! -> #REF! | F41: =D41*E41 -> #REF! | G41: =#REF! -> #REF! | H41: =#REF! -> #REF! | I41: =G41*H41 -> #REF! | J41: =I41-F41 -> #REF! | M41: =1.25*F41 -> #REF!
B42: =estimate!#REF! -> #REF! | F42: =estimate!#REF! -> #REF! | I42: =#REF! -> #REF! | J42: =I42-F42 -> #REF! | M42: =1.25*F42 -> #REF!
A44: =estimate!#REF! -> #REF! | B44: =estimate!#REF! -> #REF! | C44: =estimate!#REF! -> #REF! | D44: =estimate!#REF! -> #REF! | E44: =estimate!#REF! -> #REF! | F44: =D44*E44 -> #REF! | G44: =#REF! -> #REF! | H44: =#REF! -> #REF! | I44: =G44*H44 -> #REF! | J44: =I44-F44 -> #REF! | M44: =1.25*F44 -> #REF!
B45: =estimate!#REF! -> #REF! | F45: =estimate!#REF! -> #REF! | I45: =#REF! -> #REF!
A47: =estimate!A14 -> 2 | B47: =estimate!B14 -> Information board (सुचना पाटि) | C47: =estimate!H14 -> no. | D47: =estimate!G14 -> 1 | E47: =estimate!I14 -> 500 | F47: =D47*E47 -> 500 | G47: =#REF! -> #REF! | H47: =#REF! -> #REF! | I47: =G47*H47 -> #REF! | J47: =I47-F47 -> #REF!
B49: Total | F49: =SUM(F13:F47) -> #REF! | I49: =SUM(I13:I47) -> #REF! | J49: =I49-F49 -> #REF!
