Workbook
Name description_103: [1]Abstract!$B$16
Name description_124: #REF!
Name description_247: [1]Abstract!$B$22
Name description_248: [1]Abstract!$B$23
Name description_261: [2]Abstract!$B$33
Name description_262: [1]Abstract!$B$34
Name description_276: [3]Abstract!$B$40
Name description_3: [1]Abstract!$B$169
Name description_310: #REF!
Name description_312: #REF!
Name description_5: [1]Abstract!$B$171
Name description_6: #REF!
Name description_759: [1]Abstract!$B$278
Name description_781: #REF!
Name description_783: [1]Abstract!$B$301
Name description_784: [3]Abstract!$B$300

Sheet water tank
A1: Government of Nepal
A2: Shankharapur Municipality Office
A3: Bagmati Province
A4: Sankhu, Kathmandu
A5: Detail Estimated Sheet
A6: Project:- nfdf6f]n vfg]kfgL 6\ofª\sL | H6: F.Y.: 2082/2083
A7: Location:- Shankharapur Municipality 1 | H7: Date:2082
A8: S.N. | B8: Description of work | C8: No. | D8: Length | E8: Breadth | F8: Height | G8: Quantity | H8: Unit | I8: Rate | J8: Amount | K8: Remark
A9: A | B9: Intake works
A10: 1 | B10: Earthwork in Excavation in ordinary soil
B11: -for intake | C11: 1 | D11: =Sheet1!A10 -> 1.5 | E11: =Sheet1!B10 -> 1.5 | F11: =0.15+0.075+Sheet1!C10 -> 1.2917479 | G11: =PRODUCT(C11:F11) -> 2.9064329
B12: Sub-total | G12: =SUM(G11:G11) -> 2.9064329 | H12: cum | I12: 963.05 | J12: =G12*I12 -> 2799.0402
A14: 2 | B14: Dry boulder packing work
B15: =B11 -> -for intake | C15: =C11 -> 1 | D15: =Sheet1!A10 -> 1.5 | E15: =Sheet1!B10 -> 1.5 | F15: 0.15 | G15: =PRODUCT(C15:F15) -> 0.3375
B16: Sub-total | G16: =SUM(G15:G15) -> 0.3375 | H16: cum | I16: =4493.69 -> 4493.69 | J16: =G16*I16 -> 1516.6204
B17: -13% VAT for block stone | J17: =0.13*G16*3091.19 -> 135.62596
A19: 3 | B19: Plain cement concrete (1:2:4)
B20: =B11 -> -for intake | C20: =C11 -> 1 | D20: =Sheet1!A10 -> 1.5 | E20: =Sheet1!B10 -> 1.5 | F20: 0.05 | G20: =PRODUCT(C20:F20) -> 0.1125
B21: Sub-total | G21: =SUM(G20:G20) -> 0.1125 | H21: cum | I21: 13343.7 | J21: =G21*I21 -> 1501.1662
B22: -13% VAT for sand | J22: =0.13*G21*1413.27 -> 20.669074
B23: -13% VAT for cement | J23: =0.13*G21*4096 -> 59.904
B24: -13% VAT for aggregate | J24: =0.13*G21*(368.76+737.51+1743.21) -> 41.673645
A26: 4 | B26: 20mm thick cement plaster (1:6)
B27: -for outer face wall of intake | C27: =C20 -> 1 | D27: =Sheet1!A10*2+Sheet1!B10*2 -> 6 | F27: =Sheet1!C10 -> 1.0667479 | G27: =PRODUCT(C27:F27) -> 6.4004877
B28: -for inner face wall of intake | C28: =C20 -> 1 | D28: =2*(Sheet1!A10-Sheet1!D10-Sheet1!D10)+2*(Sheet1!B10-Sheet1!D10-Sheet1!D10) -> 4.8 | F28: =Sheet1!C10 -> 1.0667479 | G28: =PRODUCT(C28:F28) -> 5.1203901
B29: Sub-total | G29: =SUM(G27:G28) -> 11.520878 | H29: sqm | I29: =49954.32/100 -> 499.5432 | J29: =G29*I29 -> 5755.1762
B30: -13% VAT for sand | J30: =0.13*G29*7463.32/100 -> 111.7792
B31: -13% VAT for cement | J31: =0.13*G29*7296/100 -> 109.27322
A33: 5 | B33: 3 mm thick cement punning
B34: =B28 -> -for inner face wall of intake | C34: =C28 -> 1 | D34: =D28 -> 4.8 | F34: =F28 -> 1.0667479 | G34: =PRODUCT(C34:F34) -> 5.1203901
B35: =B27 -> -for outer face wall of intake | C35: =C27 -> 1 | D35: =D27 -> 6 | F35: =F27 -> 1.0667479 | G35: =PRODUCT(C35:F35) -> 6.4004877
B36: - for floor area of intake 2 | C36: =C34 -> 1 | D36: =Sheet1!A10-Sheet1!D10-Sheet1!D10 -> 1.2 | E36: =Sheet1!B10-Sheet1!D10-Sheet1!D10 -> 1.2 | G36: =PRODUCT(C36:F36) -> 1.44
B37: Sub-total | G37: =SUM(G34:G36) -> 12.960878 | H37: sqm | I37: =28609.6/100 -> 286.096 | J37: =G37*I37 -> 3708.0553
B38: -13% VAT for cement | J38: =0.13*G37*6809.6/100 -> 114.73591
A40: 6 | B40: Provisional sum for other unforseen works | C40: 1 | G40: =PRODUCT(C40:F40) -> 1 | H40: PS | I40: 3000 | J40: =G40*I40 -> 3000
A42: 7 | B42: Form work for concrete work
B43: -for shear wall outer face of intake 2 | C43: 1 | D43: =Sheet1!A10*2+Sheet1!B10*2 -> 6 | F43: =Sheet1!C10 -> 1.0667479 | G43: =PRODUCT(C43:F43) -> 6.4004877
B44: -for shear wall inner face of intake 2 | C44: 1 | D44: =2*(Sheet1!A10-Sheet1!D10-Sheet1!D10)+2*(Sheet1!B10-Sheet1!D10-Sheet1!D10) -> 4.8 | F44: =Sheet1!C10 -> 1.0667479 | G44: =PRODUCT(C44:F44) -> 5.1203901
B45: -for intake 2 cover | C45: 1 | D45: =(Sheet1!A10-Sheet1!D10-Sheet1!D10) -> 1.2 | E45: =(Sheet1!B10-Sheet1!D10-Sheet1!D10) -> 1.2 | G45: =PRODUCT(C45:F45) -> 1.44
B46: Sub-total | G46: =SUM(G43:G45) -> 12.960878 | H46: sqm | I46: =11188.35/10 -> 1118.835 | J46: =G46*I46 -> 14501.084
B47: -13% VAT for local wood | J47: =0.13*G46*6314/10 -> 1063.8548
B48: -13% VAT for nails | J48: =0.13*G46*330/10 -> 55.602166
A50: 8 | B50: Plain cement concrete (1:1.5:3)
B51: =B15 -> -for intake | C51: 1 | D51: =Sheet1!A10 -> 1.5 | E51: =Sheet1!B10 -> 1.5 | F51: 0.125 | G51: =PRODUCT(C51:F51) -> 0.28125
B52: -for shear wall shorter side of intake | C52: 2 | D52: =Sheet1!A10 -> 1.5 | E52: =Sheet1!D10 -> 0.15 | F52: =Sheet1!C10 -> 1.0667479 | G52: =PRODUCT(C52:F52) -> 0.48003657
B53: -for shear wall longer side of intake | C53: 2 | D53: =Sheet1!B10-Sheet1!D10-Sheet1!D10 -> 1.2 | E53: =Sheet1!D10 -> 0.15 | F53: =Sheet1!C10 -> 1.0667479 | G53: =PRODUCT(C53:F53) -> 0.38402926
B54: =B45 -> -for intake 2 cover | C54: 1 | D54: =Sheet1!A10 -> 1.5 | E54: =Sheet1!B10 -> 1.5 | F54: 0.125 | G54: =PRODUCT(C54:F54) -> 0.28125
B55: Sub-total | G55: =SUM(G51:G54) -> 1.4265658 | H55: cum | I55: 14337.7 | J55: =G55*I55 -> 20453.673
B56: -13% VAT for cement | J56: =0.13*G55*5120 -> 949.52222
B57: -13% VAT for sand | J57: =0.13*G55*1349.75 -> 250.31594
B58: -13% VAT for aggregate | J58: =0.13*G55*(972.17+1910.82) -> 534.66075
A60: 9 | B60: Mild steel reinforcement | C60: No. | D60: Length (m) | E60: Unit Weight (Kg/m) | F60: Total Weight (Kg)
B61: =B51 -> -for intake | C61: =TRUNC((Sheet1!A10-0.1)/0.15,0)+1 -> 10 | D61: =(Sheet1!B10-Sheet1!D10)+(Sheet1!C10-0.05+Sheet1!D10/2)*2 -> 3.5334959 | E61: =10*10/162 -> 0.61728395 | F61: =PRODUCT(C61:E61) -> 21.811703 | G61: =F61 -> 21.811703
C62: =TRUNC((Sheet1!B10-0.1)/0.15,0)+1 -> 10 | D62: =(Sheet1!A10-Sheet1!D10)+(Sheet1!C10-0.05+Sheet1!D10/2)*2 -> 3.5334959 | E62: =10*10/162 -> 0.61728395 | F62: =PRODUCT(C62:E62) -> 21.811703 | G62: =F62 -> 21.811703
B63: -for binding shear wall of intake | C63: =(TRUNC((Sheet1!C10+Sheet1!D10-0.05-0.05)/0.15,0)+1) -> 8 | D63: =(Sheet1!A10-0.05-0.05)*2 -> 2.8 | E63: =10*10/162 -> 0.61728395 | F63: =PRODUCT(C63:E63) -> 13.82716 | G63: =F63 -> 13.82716
C64: =(TRUNC((Sheet1!C10+Sheet1!D10-0.05-0.05)/0.15,0)+1) -> 8 | D64: =(Sheet1!B10-0.05-0.05)*2 -> 2.8 | E64: =10*10/162 -> 0.61728395 | F64: =PRODUCT(C64:E64) -> 13.82716 | G64: =F64 -> 13.82716
B65: =B54 -> -for intake 2 cover | C65: =TRUNC((D66)/0.15,0)+1 -> 10 | D65: =Sheet1!A10-0.1 -> 1.4 | E65: =10*10/162 -> 0.61728395 | F65: =PRODUCT(C65:E65) -> 8.6419753 | G65: =F65 -> 8.6419753
C66: =TRUNC((D65)/0.15,0)+1 -> 10 | D66: =Sheet1!B10-0.1 -> 1.4 | E66: =10*10/162 -> 0.61728395 | F66: =PRODUCT(C66:E66) -> 8.6419753 | G66: =F66 -> 8.6419753
B67: Sub-total | G67: =SUM(G61:G66) -> 88.561678 | H67: Kg | I67: =9831.6/100 -> 98.316 | J67: =G67*I67 -> 8707.0299
B68: -13% VAT for MS bars | J68: =0.13*G67*9450/100 -> 1087.9802
B69: -13% VAT for Bind wire | J69: =0.13*G67*120/100 -> 13.815622
A71: B | B71: -Fittings for HPDE pipeline maintainance
A72: 10 | B72: -G.I. Union 20mm | C72: =2+1 -> 3 | G72: =PRODUCT(C72:F72) -> 3
B73: Sub-total | G73: =SUM(G72:G72) -> 3 | H73: pcs. | I73: 153 | J73: =G73*I73 -> 459
B74: -13% VAT for material | J74: =0.13*J73 -> 59.67
A76: 11 | B76: -G.I. Socket 20mm | C76: =1+3 -> 4 | G76: =PRODUCT(C76:F76) -> 4 | H76: pcs.
B77: Sub-total | G77: =SUM(G76:G76) -> 4 | H77: pcs. | I77: 57 | J77: =G77*I77 -> 228
B78: -13% VAT for material | J78: =0.13*J77 -> 29.64
A80: 12 | B80: -Brass ferrule cock | C80: 6 | G80: =PRODUCT(C80:F80) -> 6 | H80: pcs.
B81: Sub-total | G81: =SUM(G80:G80) -> 6 | H81: pcs. | I81: 600 | J81: =G81*I81 -> 3600
B82: -13% VAT for material | J82: =0.13*J81 -> 468
A84: 13 | B84: -1/2"/(25-50mm dia)HDPE saddle | C84: 1 | G84: =PRODUCT(C84:F84) -> 1 | H84: pcs.
B85: Sub-total | G85: =SUM(G84:G84) -> 1 | H85: pcs. | I85: 180 | J85: =G85*I85 -> 180
B86: -13% VAT for material | J86: =0.13*J85 -> 23.4
A88: 14 | B88: -G.I. nipple medium class- 2" long 20mm | C88: 1 | G88: =PRODUCT(C88:F88) -> 1 | H88: pcs.
B89: Sub-total | G89: =SUM(G88:G88) -> 1 | H89: pcs. | I89: 34 | J89: =G89*I89 -> 34
B90: -13% VAT for material | J90: =0.13*J89 -> 4.42
A92: 15 | B92: -brass tap 1/2" ordinary | C92: 1 | G92: =PRODUCT(C92:F92) -> 1 | H92: pcs.
B93: Sub-total | G93: =SUM(G92:G92) -> 1 | H93: pcs. | I93: 205 | J93: =G93*I93 -> 205
B94: -13% VAT for material | J94: =0.13*J93 -> 26.65
A96: 16 | B96: - Air Vent system C.I air valve heavy 20 mm | C96: 1 | G96: =PRODUCT(C96:F96) -> 1 | H96: pcs.
B97: Sub-total | G97: =SUM(G96:G96) -> 1 | H97: pcs. | I97: 5182 | J97: =G97*I97 -> 5182
B98: -13% VAT for material | J98: =0.13*J97 -> 673.66
A100: C | B100: Pipe works
A101: 17 | B101: Earthwork Excavation in Cutting., Roadway Excavation in all types of Soil by Manual Means ., Roadway Excavation in all types of soil as per drawing and technical specification, including removal of stumps and other deleterious matter, with all lifts and lead as per Drawing and instruction of the Engineer.l (vGg] k'g{] sfo{)
B102: -for pipe laying to chihaan | C102: 1 | D102: 180 | E102: 0.23 | F102: 0.45 | G102: =PRODUCT(C102:F102) -> 18.63
B103: sub-total | G103: =SUM(G102:G102) -> 18.63 | H103: cum | I103: 748.9 | J103: =G103*I103 -> 13952.007
A105: 18 | B105: Laying and joining of 20,25 mmØ HDPE pipe with butt-weld joints
B106: -for pipe laying | C106: 1 | D106: =D102 -> 180 | G106: =PRODUCT(C106:F106) -> 180
B107: sub-total | G107: =SUM(G106:G106) -> 180 | H107: rm | I107: =4308.15/1000 -> 4.30815 | J107: =G107*I107 -> 775.467
A109: 19 | B109: -High Density Polythene Pipe NS 40 pipe material PE 100, PN 16 | D109: Length (m) | E109: Weight (Kg/m) | F109: Total weight (Kg)
B110: -for 20mm pipe laying | C110: =C106 -> 1 | D110: =D106 -> 180 | E110: 0.135 | F110: =C110*D110*E110 -> 24.3 | G110: =F110 -> 24.3
B111: Sub-total | G111: =SUM(G110:G110) -> 24.3 | H111: kg | I111: 287 | J111: =G111*I111 -> 6974.1
B112: -13% VAT for material | J112: =0.13*J111 -> 906.633
A114: 20 | B114: Provisional sum for unforseen works | C114: 1 | G114: =PRODUCT(C114:F114) -> 1 | H114: no. | I114: 2000 | J114: =G114*I114 -> 2000
A116: 21 | B116: Information board (सुचना पाटि) | C116: 1 | G116: =PRODUCT(C116:F116) -> 1 | H116: no. | I116: 500 | J116: =G116*I116 -> 500
B118: Total | J118: =SUM(J11:J116) -> 102772.9
B120: Total Estimated | C120: =J118 -> 102772.9 | E120: 100
B121: Budget allocated | C121: 350000
B122: Municipal payment | C122: =C121-C124-C125 -> 332500 | E122: =C122/C120*100 -> 323.52885
...

Sheet Sheet1
A8: Intake size
A9: length | B9: breadth | C9: height | D9: wall thickness
A10: =1.2+D10+D10 -> 1.5 | B10: =1.2+D10+D10 -> 1.5 | C10: =3.5/3.281 -> 1.0667479 | D10: 0.15
